ID,SALT,PASSWORD,HASHED PASSWORD,TIME
1,11,Y5N=j>Naxr=MZ3*j,$2a$11$Ik22j9DW7cWZIV3Tt/qrxedzoas7tzj.aRIUreb8WawmsdUkovq0y,148606118
2,11,Y5N=j>Naxr=MZ3*j,$2a$11$Ik22j9DW7cWZIV3Tt/qrxedzoas7tzj.aRIUreb8WawmsdUkovq0y,148886262
3,11,Y5N=j>Naxr=MZ3*j,$2a$11$Ik22j9DW7cWZIV3Tt/qrxedzoas7tzj.aRIUreb8WawmsdUkovq0y,147666547
4,11,Y5N=j>Naxr=MZ3*j,$2a$11$Ik22j9DW7cWZIV3Tt/qrxedzoas7tzj.aRIUreb8WawmsdUkovq0y,152034464
5,11,Y5N=j>Naxr=MZ3*j,$2a$11$Ik22j9DW7cWZIV3Tt/qrxedzoas7tzj.aRIUreb8WawmsdUkovq0y,148488565
6,11,Y5N=j>Naxr=MZ3*j,$2a$11$Ik22j9DW7cWZIV3Tt/qrxedzoas7tzj.aRIUreb8WawmsdUkovq0y,146552845
7,11,Y5N=j>Naxr=MZ3*j,$2a$11$Ik22j9DW7cWZIV3Tt/qrxedzoas7tzj.aRIUreb8WawmsdUkovq0y,144691804
8,11,Y5N=j>Naxr=MZ3*j,$2a$11$Ik22j9DW7cWZIV3Tt/qrxedzoas7tzj.aRIUreb8WawmsdUkovq0y,144138292
9,11,Y5N=j>Naxr=MZ3*j,$2a$11$Ik22j9DW7cWZIV3Tt/qrxedzoas7tzj.aRIUreb8WawmsdUkovq0y,145704964
10,11,Y5N=j>Naxr=MZ3*j,$2a$11$Ik22j9DW7cWZIV3Tt/qrxedzoas7tzj.aRIUreb8WawmsdUkovq0y,146205269
11,11,Y5N=j>Naxr=MZ3*j,$2a$11$Ik22j9DW7cWZIV3Tt/qrxedzoas7tzj.aRIUreb8WawmsdUkovq0y,147009846
12,11,Y5N=j>Naxr=MZ3*j,$2a$11$Ik22j9DW7cWZIV3Tt/qrxedzoas7tzj.aRIUreb8WawmsdUkovq0y,151294479
13,11,Y5N=j>Naxr=MZ3*j,$2a$11$Ik22j9DW7cWZIV3Tt/qrxedzoas7tzj.aRIUreb8WawmsdUkovq0y,146739754
14,11,Y5N=j>Naxr=MZ3*j,$2a$11$Ik22j9DW7cWZIV3Tt/qrxedzoas7tzj.aRIUreb8WawmsdUkovq0y,144455089
15,11,Y5N=j>Naxr=MZ3*j,$2a$11$Ik22j9DW7cWZIV3Tt/qrxedzoas7tzj.aRIUreb8WawmsdUkovq0y,145354265
16,11,Y5N=j>Naxr=MZ3*j,$2a$11$Ik22j9DW7cWZIV3Tt/qrxedzoas7tzj.aRIUreb8WawmsdUkovq0y,146265808
17,11,Y5N=j>Naxr=MZ3*j,$2a$11$Ik22j9DW7cWZIV3Tt/qrxedzoas7tzj.aRIUreb8WawmsdUkovq0y,143730991
18,11,Y5N=j>Naxr=MZ3*j,$2a$11$Ik22j9DW7cWZIV3Tt/qrxedzoas7tzj.aRIUreb8WawmsdUkovq0y,145424623
19,11,Y5N=j>Naxr=MZ3*j,$2a$11$Ik22j9DW7cWZIV3Tt/qrxedzoas7tzj.aRIUreb8WawmsdUkovq0y,144173370
20,11,Y5N=j>Naxr=MZ3*j,$2a$11$Ik22j9DW7cWZIV3Tt/qrxedzoas7tzj.aRIUreb8WawmsdUkovq0y,145121040
21,11,Y5N=j>Naxr=MZ3*j,$2a$11$Ik22j9DW7cWZIV3Tt/qrxedzoas7tzj.aRIUreb8WawmsdUkovq0y,149806009
22,11,Y5N=j>Naxr=MZ3*j,$2a$11$Ik22j9DW7cWZIV3Tt/qrxedzoas7tzj.aRIUreb8WawmsdUkovq0y,148773427
23,11,Y5N=j>Naxr=MZ3*j,$2a$11$Ik22j9DW7cWZIV3Tt/qrxedzoas7tzj.aRIUreb8WawmsdUkovq0y,144375740
24,11,Y5N=j>Naxr=MZ3*j,$2a$11$Ik22j9DW7cWZIV3Tt/qrxedzoas7tzj.aRIUreb8WawmsdUkovq0y,146382033
25,11,Y5N=j>Naxr=MZ3*j,$2a$11$Ik22j9DW7cWZIV3Tt/qrxedzoas7tzj.aRIUreb8WawmsdUkovq0y,153441199
26,11,Y5N=j>Naxr=MZ3*j,$2a$11$Ik22j9DW7cWZIV3Tt/qrxedzoas7tzj.aRIUreb8WawmsdUkovq0y,144760912
27,11,Y5N=j>Naxr=MZ3*j,$2a$11$Ik22j9DW7cWZIV3Tt/qrxedzoas7tzj.aRIUreb8WawmsdUkovq0y,148130141
28,11,Y5N=j>Naxr=MZ3*j,$2a$11$Ik22j9DW7cWZIV3Tt/qrxedzoas7tzj.aRIUreb8WawmsdUkovq0y,145620841
29,11,Y5N=j>Naxr=MZ3*j,$2a$11$Ik22j9DW7cWZIV3Tt/qrxedzoas7tzj.aRIUreb8WawmsdUkovq0y,146657856
30,11,Y5N=j>Naxr=MZ3*j,$2a$11$Ik22j9DW7cWZIV3Tt/qrxedzoas7tzj.aRIUreb8WawmsdUkovq0y,147078240
31,11,Y5N=j>Naxr=MZ3*j,$2a$11$Ik22j9DW7cWZIV3Tt/qrxedzoas7tzj.aRIUreb8WawmsdUkovq0y,146211893
32,11,Y5N=j>Naxr=MZ3*j,$2a$11$Ik22j9DW7cWZIV3Tt/qrxedzoas7tzj.aRIUreb8WawmsdUkovq0y,149664252
33,11,Y5N=j>Naxr=MZ3*j,$2a$11$Ik22j9DW7cWZIV3Tt/qrxedzoas7tzj.aRIUreb8WawmsdUkovq0y,146723888
34,11,Y5N=j>Naxr=MZ3*j,$2a$11$Ik22j9DW7cWZIV3Tt/qrxedzoas7tzj.aRIUreb8WawmsdUkovq0y,145894478
35,11,Y5N=j>Naxr=MZ3*j,$2a$11$Ik22j9DW7cWZIV3Tt/qrxedzoas7tzj.aRIUreb8WawmsdUkovq0y,144704390
36,11,Y5N=j>Naxr=MZ3*j,$2a$11$Ik22j9DW7cWZIV3Tt/qrxedzoas7tzj.aRIUreb8WawmsdUkovq0y,151463726
37,11,Y5N=j>Naxr=MZ3*j,$2a$11$Ik22j9DW7cWZIV3Tt/qrxedzoas7tzj.aRIUreb8WawmsdUkovq0y,144010084
38,11,Y5N=j>Naxr=MZ3*j,$2a$11$Ik22j9DW7cWZIV3Tt/qrxedzoas7tzj.aRIUreb8WawmsdUkovq0y,145205341
39,11,Y5N=j>Naxr=MZ3*j,$2a$11$Ik22j9DW7cWZIV3Tt/qrxedzoas7tzj.aRIUreb8WawmsdUkovq0y,144331507
40,11,Y5N=j>Naxr=MZ3*j,$2a$11$Ik22j9DW7cWZIV3Tt/qrxedzoas7tzj.aRIUreb8WawmsdUkovq0y,145431838
41,11,Y5N=j>Naxr=MZ3*j,$2a$11$Ik22j9DW7cWZIV3Tt/qrxedzoas7tzj.aRIUreb8WawmsdUkovq0y,143670159
42,11,Y5N=j>Naxr=MZ3*j,$2a$11$Ik22j9DW7cWZIV3Tt/qrxedzoas7tzj.aRIUreb8WawmsdUkovq0y,149284978
43,11,Y5N=j>Naxr=MZ3*j,$2a$11$Ik22j9DW7cWZIV3Tt/qrxedzoas7tzj.aRIUreb8WawmsdUkovq0y,143629564
44,11,Y5N=j>Naxr=MZ3*j,$2a$11$Ik22j9DW7cWZIV3Tt/qrxedzoas7tzj.aRIUreb8WawmsdUkovq0y,145941822
45,11,Y5N=j>Naxr=MZ3*j,$2a$11$Ik22j9DW7cWZIV3Tt/qrxedzoas7tzj.aRIUreb8WawmsdUkovq0y,147832162
46,11,Y5N=j>Naxr=MZ3*j,$2a$11$Ik22j9DW7cWZIV3Tt/qrxedzoas7tzj.aRIUreb8WawmsdUkovq0y,144399971
47,11,Y5N=j>Naxr=MZ3*j,$2a$11$Ik22j9DW7cWZIV3Tt/qrxedzoas7tzj.aRIUreb8WawmsdUkovq0y,150413471
48,11,Y5N=j>Naxr=MZ3*j,$2a$11$Ik22j9DW7cWZIV3Tt/qrxedzoas7tzj.aRIUreb8WawmsdUkovq0y,146963396
49,11,Y5N=j>Naxr=MZ3*j,$2a$11$Ik22j9DW7cWZIV3Tt/qrxedzoas7tzj.aRIUreb8WawmsdUkovq0y,154557782
50,11,Y5N=j>Naxr=MZ3*j,$2a$11$Ik22j9DW7cWZIV3Tt/qrxedzoas7tzj.aRIUreb8WawmsdUkovq0y,144204816
51,11,Y5N=j>Naxr=MZ3*j,$2a$11$Ik22j9DW7cWZIV3Tt/qrxedzoas7tzj.aRIUreb8WawmsdUkovq0y,146298843
52,11,Y5N=j>Naxr=MZ3*j,$2a$11$Ik22j9DW7cWZIV3Tt/qrxedzoas7tzj.aRIUreb8WawmsdUkovq0y,150681779
53,11,Y5N=j>Naxr=MZ3*j,$2a$11$Ik22j9DW7cWZIV3Tt/qrxedzoas7tzj.aRIUreb8WawmsdUkovq0y,145001351
54,11,Y5N=j>Naxr=MZ3*j,$2a$11$Ik22j9DW7cWZIV3Tt/qrxedzoas7tzj.aRIUreb8WawmsdUkovq0y,146819578
55,11,Y5N=j>Naxr=MZ3*j,$2a$11$Ik22j9DW7cWZIV3Tt/qrxedzoas7tzj.aRIUreb8WawmsdUkovq0y,143818194
56,11,Y5N=j>Naxr=MZ3*j,$2a$11$Ik22j9DW7cWZIV3Tt/qrxedzoas7tzj.aRIUreb8WawmsdUkovq0y,146371863
57,11,Y5N=j>Naxr=MZ3*j,$2a$11$Ik22j9DW7cWZIV3Tt/qrxedzoas7tzj.aRIUreb8WawmsdUkovq0y,145423582
58,11,Y5N=j>Naxr=MZ3*j,$2a$11$Ik22j9DW7cWZIV3Tt/qrxedzoas7tzj.aRIUreb8WawmsdUkovq0y,146404521
59,11,Y5N=j>Naxr=MZ3*j,$2a$11$Ik22j9DW7cWZIV3Tt/qrxedzoas7tzj.aRIUreb8WawmsdUkovq0y,145324915
60,11,Y5N=j>Naxr=MZ3*j,$2a$11$Ik22j9DW7cWZIV3Tt/qrxedzoas7tzj.aRIUreb8WawmsdUkovq0y,147665762
61,11,Y5N=j>Naxr=MZ3*j,$2a$11$Ik22j9DW7cWZIV3Tt/qrxedzoas7tzj.aRIUreb8WawmsdUkovq0y,147188312
62,11,Y5N=j>Naxr=MZ3*j,$2a$11$Ik22j9DW7cWZIV3Tt/qrxedzoas7tzj.aRIUreb8WawmsdUkovq0y,148024747
63,11,Y5N=j>Naxr=MZ3*j,$2a$11$Ik22j9DW7cWZIV3Tt/qrxedzoas7tzj.aRIUreb8WawmsdUkovq0y,147252557
64,11,Y5N=j>Naxr=MZ3*j,$2a$11$Ik22j9DW7cWZIV3Tt/qrxedzoas7tzj.aRIUreb8WawmsdUkovq0y,145178405
65,11,Y5N=j>Naxr=MZ3*j,$2a$11$Ik22j9DW7cWZIV3Tt/qrxedzoas7tzj.aRIUreb8WawmsdUkovq0y,145487159
66,11,Y5N=j>Naxr=MZ3*j,$2a$11$Ik22j9DW7cWZIV3Tt/qrxedzoas7tzj.aRIUreb8WawmsdUkovq0y,147307938
67,11,Y5N=j>Naxr=MZ3*j,$2a$11$Ik22j9DW7cWZIV3Tt/qrxedzoas7tzj.aRIUreb8WawmsdUkovq0y,149008269
68,11,Y5N=j>Naxr=MZ3*j,$2a$11$Ik22j9DW7cWZIV3Tt/qrxedzoas7tzj.aRIUreb8WawmsdUkovq0y,144293352
69,11,Y5N=j>Naxr=MZ3*j,$2a$11$Ik22j9DW7cWZIV3Tt/qrxedzoas7tzj.aRIUreb8WawmsdUkovq0y,146083664
70,11,Y5N=j>Naxr=MZ3*j,$2a$11$Ik22j9DW7cWZIV3Tt/qrxedzoas7tzj.aRIUreb8WawmsdUkovq0y,143897163
71,11,Y5N=j>Naxr=MZ3*j,$2a$11$Ik22j9DW7cWZIV3Tt/qrxedzoas7tzj.aRIUreb8WawmsdUkovq0y,145076025
72,11,Y5N=j>Naxr=MZ3*j,$2a$11$Ik22j9DW7cWZIV3Tt/qrxedzoas7tzj.aRIUreb8WawmsdUkovq0y,144225880
73,11,Y5N=j>Naxr=MZ3*j,$2a$11$Ik22j9DW7cWZIV3Tt/qrxedzoas7tzj.aRIUreb8WawmsdUkovq0y,146065400
74,11,Y5N=j>Naxr=MZ3*j,$2a$11$Ik22j9DW7cWZIV3Tt/qrxedzoas7tzj.aRIUreb8WawmsdUkovq0y,145047138
75,11,Y5N=j>Naxr=MZ3*j,$2a$11$Ik22j9DW7cWZIV3Tt/qrxedzoas7tzj.aRIUreb8WawmsdUkovq0y,145633973
76,11,Y5N=j>Naxr=MZ3*j,$2a$11$Ik22j9DW7cWZIV3Tt/qrxedzoas7tzj.aRIUreb8WawmsdUkovq0y,146264257
77,11,Y5N=j>Naxr=MZ3*j,$2a$11$Ik22j9DW7cWZIV3Tt/qrxedzoas7tzj.aRIUreb8WawmsdUkovq0y,148150324
78,11,Y5N=j>Naxr=MZ3*j,$2a$11$Ik22j9DW7cWZIV3Tt/qrxedzoas7tzj.aRIUreb8WawmsdUkovq0y,144074148
79,11,Y5N=j>Naxr=MZ3*j,$2a$11$Ik22j9DW7cWZIV3Tt/qrxedzoas7tzj.aRIUreb8WawmsdUkovq0y,147927563
80,11,Y5N=j>Naxr=MZ3*j,$2a$11$Ik22j9DW7cWZIV3Tt/qrxedzoas7tzj.aRIUreb8WawmsdUkovq0y,145426183
81,11,Y5N=j>Naxr=MZ3*j,$2a$11$Ik22j9DW7cWZIV3Tt/qrxedzoas7tzj.aRIUreb8WawmsdUkovq0y,151205782
82,11,Y5N=j>Naxr=MZ3*j,$2a$11$Ik22j9DW7cWZIV3Tt/qrxedzoas7tzj.aRIUreb8WawmsdUkovq0y,148603669
83,11,Y5N=j>Naxr=MZ3*j,$2a$11$Ik22j9DW7cWZIV3Tt/qrxedzoas7tzj.aRIUreb8WawmsdUkovq0y,150584126
84,11,Y5N=j>Naxr=MZ3*j,$2a$11$Ik22j9DW7cWZIV3Tt/qrxedzoas7tzj.aRIUreb8WawmsdUkovq0y,144505377
85,11,Y5N=j>Naxr=MZ3*j,$2a$11$Ik22j9DW7cWZIV3Tt/qrxedzoas7tzj.aRIUreb8WawmsdUkovq0y,144810226
86,11,Y5N=j>Naxr=MZ3*j,$2a$11$Ik22j9DW7cWZIV3Tt/qrxedzoas7tzj.aRIUreb8WawmsdUkovq0y,166568774
87,11,Y5N=j>Naxr=MZ3*j,$2a$11$Ik22j9DW7cWZIV3Tt/qrxedzoas7tzj.aRIUreb8WawmsdUkovq0y,147341486
88,11,Y5N=j>Naxr=MZ3*j,$2a$11$Ik22j9DW7cWZIV3Tt/qrxedzoas7tzj.aRIUreb8WawmsdUkovq0y,146921687
89,11,Y5N=j>Naxr=MZ3*j,$2a$11$Ik22j9DW7cWZIV3Tt/qrxedzoas7tzj.aRIUreb8WawmsdUkovq0y,153760271
90,11,Y5N=j>Naxr=MZ3*j,$2a$11$Ik22j9DW7cWZIV3Tt/qrxedzoas7tzj.aRIUreb8WawmsdUkovq0y,148848840
91,11,Y5N=j>Naxr=MZ3*j,$2a$11$Ik22j9DW7cWZIV3Tt/qrxedzoas7tzj.aRIUreb8WawmsdUkovq0y,153366350
92,11,Y5N=j>Naxr=MZ3*j,$2a$11$Ik22j9DW7cWZIV3Tt/qrxedzoas7tzj.aRIUreb8WawmsdUkovq0y,144010365
93,11,Y5N=j>Naxr=MZ3*j,$2a$11$Ik22j9DW7cWZIV3Tt/qrxedzoas7tzj.aRIUreb8WawmsdUkovq0y,153429215
94,11,Y5N=j>Naxr=MZ3*j,$2a$11$Ik22j9DW7cWZIV3Tt/qrxedzoas7tzj.aRIUreb8WawmsdUkovq0y,156644725
95,11,Y5N=j>Naxr=MZ3*j,$2a$11$Ik22j9DW7cWZIV3Tt/qrxedzoas7tzj.aRIUreb8WawmsdUkovq0y,152890102
96,11,Y5N=j>Naxr=MZ3*j,$2a$11$Ik22j9DW7cWZIV3Tt/qrxedzoas7tzj.aRIUreb8WawmsdUkovq0y,153688154
97,11,Y5N=j>Naxr=MZ3*j,$2a$11$Ik22j9DW7cWZIV3Tt/qrxedzoas7tzj.aRIUreb8WawmsdUkovq0y,154694457
98,11,Y5N=j>Naxr=MZ3*j,$2a$11$Ik22j9DW7cWZIV3Tt/qrxedzoas7tzj.aRIUreb8WawmsdUkovq0y,152053992
99,11,Y5N=j>Naxr=MZ3*j,$2a$11$Ik22j9DW7cWZIV3Tt/qrxedzoas7tzj.aRIUreb8WawmsdUkovq0y,149095098
100,11,Y5N=j>Naxr=MZ3*j,$2a$11$Ik22j9DW7cWZIV3Tt/qrxedzoas7tzj.aRIUreb8WawmsdUkovq0y,153212013
101,11,Y5N=j>Naxr=MZ3*j,$2a$11$Ik22j9DW7cWZIV3Tt/qrxedzoas7tzj.aRIUreb8WawmsdUkovq0y,148085969
102,11,Y5N=j>Naxr=MZ3*j,$2a$11$Ik22j9DW7cWZIV3Tt/qrxedzoas7tzj.aRIUreb8WawmsdUkovq0y,146627262
103,11,Y5N=j>Naxr=MZ3*j,$2a$11$Ik22j9DW7cWZIV3Tt/qrxedzoas7tzj.aRIUreb8WawmsdUkovq0y,151761011
104,11,Y5N=j>Naxr=MZ3*j,$2a$11$Ik22j9DW7cWZIV3Tt/qrxedzoas7tzj.aRIUreb8WawmsdUkovq0y,149414526
105,11,Y5N=j>Naxr=MZ3*j,$2a$11$Ik22j9DW7cWZIV3Tt/qrxedzoas7tzj.aRIUreb8WawmsdUkovq0y,149629267
106,11,Y5N=j>Naxr=MZ3*j,$2a$11$Ik22j9DW7cWZIV3Tt/qrxedzoas7tzj.aRIUreb8WawmsdUkovq0y,148823511
107,11,Y5N=j>Naxr=MZ3*j,$2a$11$Ik22j9DW7cWZIV3Tt/qrxedzoas7tzj.aRIUreb8WawmsdUkovq0y,145297274
108,11,Y5N=j>Naxr=MZ3*j,$2a$11$Ik22j9DW7cWZIV3Tt/qrxedzoas7tzj.aRIUreb8WawmsdUkovq0y,397739020
109,11,Y5N=j>Naxr=MZ3*j,$2a$11$Ik22j9DW7cWZIV3Tt/qrxedzoas7tzj.aRIUreb8WawmsdUkovq0y,187389541
110,11,Y5N=j>Naxr=MZ3*j,$2a$11$Ik22j9DW7cWZIV3Tt/qrxedzoas7tzj.aRIUreb8WawmsdUkovq0y,192169791
111,11,Y5N=j>Naxr=MZ3*j,$2a$11$Ik22j9DW7cWZIV3Tt/qrxedzoas7tzj.aRIUreb8WawmsdUkovq0y,209813364
112,11,Y5N=j>Naxr=MZ3*j,$2a$11$Ik22j9DW7cWZIV3Tt/qrxedzoas7tzj.aRIUreb8WawmsdUkovq0y,146945766
113,11,Y5N=j>Naxr=MZ3*j,$2a$11$Ik22j9DW7cWZIV3Tt/qrxedzoas7tzj.aRIUreb8WawmsdUkovq0y,148130371
114,11,Y5N=j>Naxr=MZ3*j,$2a$11$Ik22j9DW7cWZIV3Tt/qrxedzoas7tzj.aRIUreb8WawmsdUkovq0y,164436707
115,11,Y5N=j>Naxr=MZ3*j,$2a$11$Ik22j9DW7cWZIV3Tt/qrxedzoas7tzj.aRIUreb8WawmsdUkovq0y,148472897
116,11,Y5N=j>Naxr=MZ3*j,$2a$11$Ik22j9DW7cWZIV3Tt/qrxedzoas7tzj.aRIUreb8WawmsdUkovq0y,147566859
117,11,Y5N=j>Naxr=MZ3*j,$2a$11$Ik22j9DW7cWZIV3Tt/qrxedzoas7tzj.aRIUreb8WawmsdUkovq0y,148236338
118,11,Y5N=j>Naxr=MZ3*j,$2a$11$Ik22j9DW7cWZIV3Tt/qrxedzoas7tzj.aRIUreb8WawmsdUkovq0y,144323874
119,11,Y5N=j>Naxr=MZ3*j,$2a$11$Ik22j9DW7cWZIV3Tt/qrxedzoas7tzj.aRIUreb8WawmsdUkovq0y,146978214
120,11,Y5N=j>Naxr=MZ3*j,$2a$11$Ik22j9DW7cWZIV3Tt/qrxedzoas7tzj.aRIUreb8WawmsdUkovq0y,148430151
121,11,Y5N=j>Naxr=MZ3*j,$2a$11$Ik22j9DW7cWZIV3Tt/qrxedzoas7tzj.aRIUreb8WawmsdUkovq0y,148701125
122,11,Y5N=j>Naxr=MZ3*j,$2a$11$Ik22j9DW7cWZIV3Tt/qrxedzoas7tzj.aRIUreb8WawmsdUkovq0y,144685495
123,11,Y5N=j>Naxr=MZ3*j,$2a$11$Ik22j9DW7cWZIV3Tt/qrxedzoas7tzj.aRIUreb8WawmsdUkovq0y,147706626
124,11,Y5N=j>Naxr=MZ3*j,$2a$11$Ik22j9DW7cWZIV3Tt/qrxedzoas7tzj.aRIUreb8WawmsdUkovq0y,147141696
125,11,Y5N=j>Naxr=MZ3*j,$2a$11$Ik22j9DW7cWZIV3Tt/qrxedzoas7tzj.aRIUreb8WawmsdUkovq0y,144989761
126,11,Y5N=j>Naxr=MZ3*j,$2a$11$Ik22j9DW7cWZIV3Tt/qrxedzoas7tzj.aRIUreb8WawmsdUkovq0y,145232317
127,11,Y5N=j>Naxr=MZ3*j,$2a$11$Ik22j9DW7cWZIV3Tt/qrxedzoas7tzj.aRIUreb8WawmsdUkovq0y,145116945
128,11,Y5N=j>Naxr=MZ3*j,$2a$11$Ik22j9DW7cWZIV3Tt/qrxedzoas7tzj.aRIUreb8WawmsdUkovq0y,149946918
129,11,Y5N=j>Naxr=MZ3*j,$2a$11$Ik22j9DW7cWZIV3Tt/qrxedzoas7tzj.aRIUreb8WawmsdUkovq0y,143032308
130,11,Y5N=j>Naxr=MZ3*j,$2a$11$Ik22j9DW7cWZIV3Tt/qrxedzoas7tzj.aRIUreb8WawmsdUkovq0y,145728940
131,11,Y5N=j>Naxr=MZ3*j,$2a$11$Ik22j9DW7cWZIV3Tt/qrxedzoas7tzj.aRIUreb8WawmsdUkovq0y,144160333
132,11,Y5N=j>Naxr=MZ3*j,$2a$11$Ik22j9DW7cWZIV3Tt/qrxedzoas7tzj.aRIUreb8WawmsdUkovq0y,149262015
133,11,Y5N=j>Naxr=MZ3*j,$2a$11$Ik22j9DW7cWZIV3Tt/qrxedzoas7tzj.aRIUreb8WawmsdUkovq0y,143891767
134,11,Y5N=j>Naxr=MZ3*j,$2a$11$Ik22j9DW7cWZIV3Tt/qrxedzoas7tzj.aRIUreb8WawmsdUkovq0y,144910067
135,11,Y5N=j>Naxr=MZ3*j,$2a$11$Ik22j9DW7cWZIV3Tt/qrxedzoas7tzj.aRIUreb8WawmsdUkovq0y,145757877
136,11,Y5N=j>Naxr=MZ3*j,$2a$11$Ik22j9DW7cWZIV3Tt/qrxedzoas7tzj.aRIUreb8WawmsdUkovq0y,147241413
137,11,Y5N=j>Naxr=MZ3*j,$2a$11$Ik22j9DW7cWZIV3Tt/qrxedzoas7tzj.aRIUreb8WawmsdUkovq0y,143173071
138,11,Y5N=j>Naxr=MZ3*j,$2a$11$Ik22j9DW7cWZIV3Tt/qrxedzoas7tzj.aRIUreb8WawmsdUkovq0y,154714484
139,11,Y5N=j>Naxr=MZ3*j,$2a$11$Ik22j9DW7cWZIV3Tt/qrxedzoas7tzj.aRIUreb8WawmsdUkovq0y,149373198
140,11,Y5N=j>Naxr=MZ3*j,$2a$11$Ik22j9DW7cWZIV3Tt/qrxedzoas7tzj.aRIUreb8WawmsdUkovq0y,146527784
141,11,Y5N=j>Naxr=MZ3*j,$2a$11$Ik22j9DW7cWZIV3Tt/qrxedzoas7tzj.aRIUreb8WawmsdUkovq0y,144394272
142,11,Y5N=j>Naxr=MZ3*j,$2a$11$Ik22j9DW7cWZIV3Tt/qrxedzoas7tzj.aRIUreb8WawmsdUkovq0y,146735362
143,11,Y5N=j>Naxr=MZ3*j,$2a$11$Ik22j9DW7cWZIV3Tt/qrxedzoas7tzj.aRIUreb8WawmsdUkovq0y,144803722
144,11,Y5N=j>Naxr=MZ3*j,$2a$11$Ik22j9DW7cWZIV3Tt/qrxedzoas7tzj.aRIUreb8WawmsdUkovq0y,147929933
145,11,Y5N=j>Naxr=MZ3*j,$2a$11$Ik22j9DW7cWZIV3Tt/qrxedzoas7tzj.aRIUreb8WawmsdUkovq0y,144385332
146,11,Y5N=j>Naxr=MZ3*j,$2a$11$Ik22j9DW7cWZIV3Tt/qrxedzoas7tzj.aRIUreb8WawmsdUkovq0y,143562892
147,11,Y5N=j>Naxr=MZ3*j,$2a$11$Ik22j9DW7cWZIV3Tt/qrxedzoas7tzj.aRIUreb8WawmsdUkovq0y,144846144
148,11,Y5N=j>Naxr=MZ3*j,$2a$11$Ik22j9DW7cWZIV3Tt/qrxedzoas7tzj.aRIUreb8WawmsdUkovq0y,145729388
149,11,Y5N=j>Naxr=MZ3*j,$2a$11$Ik22j9DW7cWZIV3Tt/qrxedzoas7tzj.aRIUreb8WawmsdUkovq0y,144529593
150,11,Y5N=j>Naxr=MZ3*j,$2a$11$Ik22j9DW7cWZIV3Tt/qrxedzoas7tzj.aRIUreb8WawmsdUkovq0y,145429498
151,11,Y5N=j>Naxr=MZ3*j,$2a$11$Ik22j9DW7cWZIV3Tt/qrxedzoas7tzj.aRIUreb8WawmsdUkovq0y,148881265
152,11,Y5N=j>Naxr=MZ3*j,$2a$11$Ik22j9DW7cWZIV3Tt/qrxedzoas7tzj.aRIUreb8WawmsdUkovq0y,147486804
153,11,Y5N=j>Naxr=MZ3*j,$2a$11$Ik22j9DW7cWZIV3Tt/qrxedzoas7tzj.aRIUreb8WawmsdUkovq0y,144725802
154,11,Y5N=j>Naxr=MZ3*j,$2a$11$Ik22j9DW7cWZIV3Tt/qrxedzoas7tzj.aRIUreb8WawmsdUkovq0y,145122444
155,11,Y5N=j>Naxr=MZ3*j,$2a$11$Ik22j9DW7cWZIV3Tt/qrxedzoas7tzj.aRIUreb8WawmsdUkovq0y,149889060
156,11,Y5N=j>Naxr=MZ3*j,$2a$11$Ik22j9DW7cWZIV3Tt/qrxedzoas7tzj.aRIUreb8WawmsdUkovq0y,142315431
157,11,Y5N=j>Naxr=MZ3*j,$2a$11$Ik22j9DW7cWZIV3Tt/qrxedzoas7tzj.aRIUreb8WawmsdUkovq0y,147011029
158,11,Y5N=j>Naxr=MZ3*j,$2a$11$Ik22j9DW7cWZIV3Tt/qrxedzoas7tzj.aRIUreb8WawmsdUkovq0y,152825334
159,11,Y5N=j>Naxr=MZ3*j,$2a$11$Ik22j9DW7cWZIV3Tt/qrxedzoas7tzj.aRIUreb8WawmsdUkovq0y,145668897
160,11,Y5N=j>Naxr=MZ3*j,$2a$11$Ik22j9DW7cWZIV3Tt/qrxedzoas7tzj.aRIUreb8WawmsdUkovq0y,148826597
161,11,Y5N=j>Naxr=MZ3*j,$2a$11$Ik22j9DW7cWZIV3Tt/qrxedzoas7tzj.aRIUreb8WawmsdUkovq0y,148665274
162,11,Y5N=j>Naxr=MZ3*j,$2a$11$Ik22j9DW7cWZIV3Tt/qrxedzoas7tzj.aRIUreb8WawmsdUkovq0y,148957682
163,11,Y5N=j>Naxr=MZ3*j,$2a$11$Ik22j9DW7cWZIV3Tt/qrxedzoas7tzj.aRIUreb8WawmsdUkovq0y,143597721
164,11,Y5N=j>Naxr=MZ3*j,$2a$11$Ik22j9DW7cWZIV3Tt/qrxedzoas7tzj.aRIUreb8WawmsdUkovq0y,145062758
165,11,Y5N=j>Naxr=MZ3*j,$2a$11$Ik22j9DW7cWZIV3Tt/qrxedzoas7tzj.aRIUreb8WawmsdUkovq0y,146726563
166,11,Y5N=j>Naxr=MZ3*j,$2a$11$Ik22j9DW7cWZIV3Tt/qrxedzoas7tzj.aRIUreb8WawmsdUkovq0y,148517904
167,11,Y5N=j>Naxr=MZ3*j,$2a$11$Ik22j9DW7cWZIV3Tt/qrxedzoas7tzj.aRIUreb8WawmsdUkovq0y,143824215
168,11,Y5N=j>Naxr=MZ3*j,$2a$11$Ik22j9DW7cWZIV3Tt/qrxedzoas7tzj.aRIUreb8WawmsdUkovq0y,146651849
169,11,Y5N=j>Naxr=MZ3*j,$2a$11$Ik22j9DW7cWZIV3Tt/qrxedzoas7tzj.aRIUreb8WawmsdUkovq0y,147967220
170,11,Y5N=j>Naxr=MZ3*j,$2a$11$Ik22j9DW7cWZIV3Tt/qrxedzoas7tzj.aRIUreb8WawmsdUkovq0y,152459477
171,11,Y5N=j>Naxr=MZ3*j,$2a$11$Ik22j9DW7cWZIV3Tt/qrxedzoas7tzj.aRIUreb8WawmsdUkovq0y,147970438
172,11,Y5N=j>Naxr=MZ3*j,$2a$11$Ik22j9DW7cWZIV3Tt/qrxedzoas7tzj.aRIUreb8WawmsdUkovq0y,152012597
173,11,Y5N=j>Naxr=MZ3*j,$2a$11$Ik22j9DW7cWZIV3Tt/qrxedzoas7tzj.aRIUreb8WawmsdUkovq0y,147752508
174,11,Y5N=j>Naxr=MZ3*j,$2a$11$Ik22j9DW7cWZIV3Tt/qrxedzoas7tzj.aRIUreb8WawmsdUkovq0y,154564157
175,11,Y5N=j>Naxr=MZ3*j,$2a$11$Ik22j9DW7cWZIV3Tt/qrxedzoas7tzj.aRIUreb8WawmsdUkovq0y,155127108
176,11,Y5N=j>Naxr=MZ3*j,$2a$11$Ik22j9DW7cWZIV3Tt/qrxedzoas7tzj.aRIUreb8WawmsdUkovq0y,164227466
177,11,Y5N=j>Naxr=MZ3*j,$2a$11$Ik22j9DW7cWZIV3Tt/qrxedzoas7tzj.aRIUreb8WawmsdUkovq0y,150733970
178,11,Y5N=j>Naxr=MZ3*j,$2a$11$Ik22j9DW7cWZIV3Tt/qrxedzoas7tzj.aRIUreb8WawmsdUkovq0y,150317151
179,11,Y5N=j>Naxr=MZ3*j,$2a$11$Ik22j9DW7cWZIV3Tt/qrxedzoas7tzj.aRIUreb8WawmsdUkovq0y,157512374
180,11,Y5N=j>Naxr=MZ3*j,$2a$11$Ik22j9DW7cWZIV3Tt/qrxedzoas7tzj.aRIUreb8WawmsdUkovq0y,151368254
181,11,Y5N=j>Naxr=MZ3*j,$2a$11$Ik22j9DW7cWZIV3Tt/qrxedzoas7tzj.aRIUreb8WawmsdUkovq0y,199244207
182,11,Y5N=j>Naxr=MZ3*j,$2a$11$Ik22j9DW7cWZIV3Tt/qrxedzoas7tzj.aRIUreb8WawmsdUkovq0y,147045608
183,11,Y5N=j>Naxr=MZ3*j,$2a$11$Ik22j9DW7cWZIV3Tt/qrxedzoas7tzj.aRIUreb8WawmsdUkovq0y,143090707
184,11,Y5N=j>Naxr=MZ3*j,$2a$11$Ik22j9DW7cWZIV3Tt/qrxedzoas7tzj.aRIUreb8WawmsdUkovq0y,146643729
185,11,Y5N=j>Naxr=MZ3*j,$2a$11$Ik22j9DW7cWZIV3Tt/qrxedzoas7tzj.aRIUreb8WawmsdUkovq0y,146872333
186,11,Y5N=j>Naxr=MZ3*j,$2a$11$Ik22j9DW7cWZIV3Tt/qrxedzoas7tzj.aRIUreb8WawmsdUkovq0y,151981506
187,11,Y5N=j>Naxr=MZ3*j,$2a$11$Ik22j9DW7cWZIV3Tt/qrxedzoas7tzj.aRIUreb8WawmsdUkovq0y,151545041
188,11,Y5N=j>Naxr=MZ3*j,$2a$11$Ik22j9DW7cWZIV3Tt/qrxedzoas7tzj.aRIUreb8WawmsdUkovq0y,154559392
189,11,Y5N=j>Naxr=MZ3*j,$2a$11$Ik22j9DW7cWZIV3Tt/qrxedzoas7tzj.aRIUreb8WawmsdUkovq0y,148523761
190,11,Y5N=j>Naxr=MZ3*j,$2a$11$Ik22j9DW7cWZIV3Tt/qrxedzoas7tzj.aRIUreb8WawmsdUkovq0y,154407450
191,11,Y5N=j>Naxr=MZ3*j,$2a$11$Ik22j9DW7cWZIV3Tt/qrxedzoas7tzj.aRIUreb8WawmsdUkovq0y,151088732
192,11,Y5N=j>Naxr=MZ3*j,$2a$11$Ik22j9DW7cWZIV3Tt/qrxedzoas7tzj.aRIUreb8WawmsdUkovq0y,151608940
193,11,Y5N=j>Naxr=MZ3*j,$2a$11$Ik22j9DW7cWZIV3Tt/qrxedzoas7tzj.aRIUreb8WawmsdUkovq0y,149193872
194,11,Y5N=j>Naxr=MZ3*j,$2a$11$Ik22j9DW7cWZIV3Tt/qrxedzoas7tzj.aRIUreb8WawmsdUkovq0y,146663192
195,11,Y5N=j>Naxr=MZ3*j,$2a$11$Ik22j9DW7cWZIV3Tt/qrxedzoas7tzj.aRIUreb8WawmsdUkovq0y,145649080
196,11,Y5N=j>Naxr=MZ3*j,$2a$11$Ik22j9DW7cWZIV3Tt/qrxedzoas7tzj.aRIUreb8WawmsdUkovq0y,146319746
197,11,Y5N=j>Naxr=MZ3*j,$2a$11$Ik22j9DW7cWZIV3Tt/qrxedzoas7tzj.aRIUreb8WawmsdUkovq0y,145626880
198,11,Y5N=j>Naxr=MZ3*j,$2a$11$Ik22j9DW7cWZIV3Tt/qrxedzoas7tzj.aRIUreb8WawmsdUkovq0y,146320914
199,11,Y5N=j>Naxr=MZ3*j,$2a$11$Ik22j9DW7cWZIV3Tt/qrxedzoas7tzj.aRIUreb8WawmsdUkovq0y,151522144
200,11,Y5N=j>Naxr=MZ3*j,$2a$11$Ik22j9DW7cWZIV3Tt/qrxedzoas7tzj.aRIUreb8WawmsdUkovq0y,151825968
201,11,Y5N=j>Naxr=MZ3*j,$2a$11$Ik22j9DW7cWZIV3Tt/qrxedzoas7tzj.aRIUreb8WawmsdUkovq0y,151596167
202,11,Y5N=j>Naxr=MZ3*j,$2a$11$Ik22j9DW7cWZIV3Tt/qrxedzoas7tzj.aRIUreb8WawmsdUkovq0y,150610526
203,11,Y5N=j>Naxr=MZ3*j,$2a$11$Ik22j9DW7cWZIV3Tt/qrxedzoas7tzj.aRIUreb8WawmsdUkovq0y,150892937
204,11,Y5N=j>Naxr=MZ3*j,$2a$11$Ik22j9DW7cWZIV3Tt/qrxedzoas7tzj.aRIUreb8WawmsdUkovq0y,147343251
205,11,Y5N=j>Naxr=MZ3*j,$2a$11$Ik22j9DW7cWZIV3Tt/qrxedzoas7tzj.aRIUreb8WawmsdUkovq0y,150329929
206,11,Y5N=j>Naxr=MZ3*j,$2a$11$Ik22j9DW7cWZIV3Tt/qrxedzoas7tzj.aRIUreb8WawmsdUkovq0y,150731690
207,11,Y5N=j>Naxr=MZ3*j,$2a$11$Ik22j9DW7cWZIV3Tt/qrxedzoas7tzj.aRIUreb8WawmsdUkovq0y,152522650
208,11,Y5N=j>Naxr=MZ3*j,$2a$11$Ik22j9DW7cWZIV3Tt/qrxedzoas7tzj.aRIUreb8WawmsdUkovq0y,150978738
209,11,Y5N=j>Naxr=MZ3*j,$2a$11$Ik22j9DW7cWZIV3Tt/qrxedzoas7tzj.aRIUreb8WawmsdUkovq0y,152168150
210,11,Y5N=j>Naxr=MZ3*j,$2a$11$Ik22j9DW7cWZIV3Tt/qrxedzoas7tzj.aRIUreb8WawmsdUkovq0y,150814058
211,11,Y5N=j>Naxr=MZ3*j,$2a$11$Ik22j9DW7cWZIV3Tt/qrxedzoas7tzj.aRIUreb8WawmsdUkovq0y,152117909
212,11,Y5N=j>Naxr=MZ3*j,$2a$11$Ik22j9DW7cWZIV3Tt/qrxedzoas7tzj.aRIUreb8WawmsdUkovq0y,148941677
213,11,Y5N=j>Naxr=MZ3*j,$2a$11$Ik22j9DW7cWZIV3Tt/qrxedzoas7tzj.aRIUreb8WawmsdUkovq0y,144964032
214,11,Y5N=j>Naxr=MZ3*j,$2a$11$Ik22j9DW7cWZIV3Tt/qrxedzoas7tzj.aRIUreb8WawmsdUkovq0y,152297950
215,11,Y5N=j>Naxr=MZ3*j,$2a$11$Ik22j9DW7cWZIV3Tt/qrxedzoas7tzj.aRIUreb8WawmsdUkovq0y,151042939
216,11,Y5N=j>Naxr=MZ3*j,$2a$11$Ik22j9DW7cWZIV3Tt/qrxedzoas7tzj.aRIUreb8WawmsdUkovq0y,151745569
217,11,Y5N=j>Naxr=MZ3*j,$2a$11$Ik22j9DW7cWZIV3Tt/qrxedzoas7tzj.aRIUreb8WawmsdUkovq0y,147241178
218,11,Y5N=j>Naxr=MZ3*j,$2a$11$Ik22j9DW7cWZIV3Tt/qrxedzoas7tzj.aRIUreb8WawmsdUkovq0y,155111333
219,11,Y5N=j>Naxr=MZ3*j,$2a$11$Ik22j9DW7cWZIV3Tt/qrxedzoas7tzj.aRIUreb8WawmsdUkovq0y,151695239
220,11,Y5N=j>Naxr=MZ3*j,$2a$11$Ik22j9DW7cWZIV3Tt/qrxedzoas7tzj.aRIUreb8WawmsdUkovq0y,151114264
221,11,Y5N=j>Naxr=MZ3*j,$2a$11$Ik22j9DW7cWZIV3Tt/qrxedzoas7tzj.aRIUreb8WawmsdUkovq0y,148788285
222,11,Y5N=j>Naxr=MZ3*j,$2a$11$Ik22j9DW7cWZIV3Tt/qrxedzoas7tzj.aRIUreb8WawmsdUkovq0y,151972513
223,11,Y5N=j>Naxr=MZ3*j,$2a$11$Ik22j9DW7cWZIV3Tt/qrxedzoas7tzj.aRIUreb8WawmsdUkovq0y,155389428
224,11,Y5N=j>Naxr=MZ3*j,$2a$11$Ik22j9DW7cWZIV3Tt/qrxedzoas7tzj.aRIUreb8WawmsdUkovq0y,160273244
225,11,Y5N=j>Naxr=MZ3*j,$2a$11$Ik22j9DW7cWZIV3Tt/qrxedzoas7tzj.aRIUreb8WawmsdUkovq0y,156889359
226,11,Y5N=j>Naxr=MZ3*j,$2a$11$Ik22j9DW7cWZIV3Tt/qrxedzoas7tzj.aRIUreb8WawmsdUkovq0y,147021139
227,11,Y5N=j>Naxr=MZ3*j,$2a$11$Ik22j9DW7cWZIV3Tt/qrxedzoas7tzj.aRIUreb8WawmsdUkovq0y,146482335
228,11,Y5N=j>Naxr=MZ3*j,$2a$11$Ik22j9DW7cWZIV3Tt/qrxedzoas7tzj.aRIUreb8WawmsdUkovq0y,166527152
229,11,Y5N=j>Naxr=MZ3*j,$2a$11$Ik22j9DW7cWZIV3Tt/qrxedzoas7tzj.aRIUreb8WawmsdUkovq0y,155806315
230,11,Y5N=j>Naxr=MZ3*j,$2a$11$Ik22j9DW7cWZIV3Tt/qrxedzoas7tzj.aRIUreb8WawmsdUkovq0y,150087601
231,11,Y5N=j>Naxr=MZ3*j,$2a$11$Ik22j9DW7cWZIV3Tt/qrxedzoas7tzj.aRIUreb8WawmsdUkovq0y,151513851
232,11,Y5N=j>Naxr=MZ3*j,$2a$11$Ik22j9DW7cWZIV3Tt/qrxedzoas7tzj.aRIUreb8WawmsdUkovq0y,149039271
233,11,Y5N=j>Naxr=MZ3*j,$2a$11$Ik22j9DW7cWZIV3Tt/qrxedzoas7tzj.aRIUreb8WawmsdUkovq0y,146574172
234,11,Y5N=j>Naxr=MZ3*j,$2a$11$Ik22j9DW7cWZIV3Tt/qrxedzoas7tzj.aRIUreb8WawmsdUkovq0y,145866447
235,11,Y5N=j>Naxr=MZ3*j,$2a$11$Ik22j9DW7cWZIV3Tt/qrxedzoas7tzj.aRIUreb8WawmsdUkovq0y,148395078
236,11,Y5N=j>Naxr=MZ3*j,$2a$11$Ik22j9DW7cWZIV3Tt/qrxedzoas7tzj.aRIUreb8WawmsdUkovq0y,144881943
237,11,Y5N=j>Naxr=MZ3*j,$2a$11$Ik22j9DW7cWZIV3Tt/qrxedzoas7tzj.aRIUreb8WawmsdUkovq0y,143044022
238,11,Y5N=j>Naxr=MZ3*j,$2a$11$Ik22j9DW7cWZIV3Tt/qrxedzoas7tzj.aRIUreb8WawmsdUkovq0y,146361183
239,11,Y5N=j>Naxr=MZ3*j,$2a$11$Ik22j9DW7cWZIV3Tt/qrxedzoas7tzj.aRIUreb8WawmsdUkovq0y,144967352
240,11,Y5N=j>Naxr=MZ3*j,$2a$11$Ik22j9DW7cWZIV3Tt/qrxedzoas7tzj.aRIUreb8WawmsdUkovq0y,159167123
241,11,Y5N=j>Naxr=MZ3*j,$2a$11$Ik22j9DW7cWZIV3Tt/qrxedzoas7tzj.aRIUreb8WawmsdUkovq0y,157957024
242,11,Y5N=j>Naxr=MZ3*j,$2a$11$Ik22j9DW7cWZIV3Tt/qrxedzoas7tzj.aRIUreb8WawmsdUkovq0y,153547951
243,11,Y5N=j>Naxr=MZ3*j,$2a$11$Ik22j9DW7cWZIV3Tt/qrxedzoas7tzj.aRIUreb8WawmsdUkovq0y,143471473
244,11,Y5N=j>Naxr=MZ3*j,$2a$11$Ik22j9DW7cWZIV3Tt/qrxedzoas7tzj.aRIUreb8WawmsdUkovq0y,144281513
245,11,Y5N=j>Naxr=MZ3*j,$2a$11$Ik22j9DW7cWZIV3Tt/qrxedzoas7tzj.aRIUreb8WawmsdUkovq0y,147620342
246,11,Y5N=j>Naxr=MZ3*j,$2a$11$Ik22j9DW7cWZIV3Tt/qrxedzoas7tzj.aRIUreb8WawmsdUkovq0y,145760083
247,11,Y5N=j>Naxr=MZ3*j,$2a$11$Ik22j9DW7cWZIV3Tt/qrxedzoas7tzj.aRIUreb8WawmsdUkovq0y,146691920
248,11,Y5N=j>Naxr=MZ3*j,$2a$11$Ik22j9DW7cWZIV3Tt/qrxedzoas7tzj.aRIUreb8WawmsdUkovq0y,144060511
249,11,Y5N=j>Naxr=MZ3*j,$2a$11$Ik22j9DW7cWZIV3Tt/qrxedzoas7tzj.aRIUreb8WawmsdUkovq0y,144624872
250,11,Y5N=j>Naxr=MZ3*j,$2a$11$Ik22j9DW7cWZIV3Tt/qrxedzoas7tzj.aRIUreb8WawmsdUkovq0y,148226919
251,11,Y5N=j>Naxr=MZ3*j,$2a$11$Ik22j9DW7cWZIV3Tt/qrxedzoas7tzj.aRIUreb8WawmsdUkovq0y,145849805
252,11,Y5N=j>Naxr=MZ3*j,$2a$11$Ik22j9DW7cWZIV3Tt/qrxedzoas7tzj.aRIUreb8WawmsdUkovq0y,149769992
253,11,Y5N=j>Naxr=MZ3*j,$2a$11$Ik22j9DW7cWZIV3Tt/qrxedzoas7tzj.aRIUreb8WawmsdUkovq0y,151683645
254,11,Y5N=j>Naxr=MZ3*j,$2a$11$Ik22j9DW7cWZIV3Tt/qrxedzoas7tzj.aRIUreb8WawmsdUkovq0y,149041129
255,11,Y5N=j>Naxr=MZ3*j,$2a$11$Ik22j9DW7cWZIV3Tt/qrxedzoas7tzj.aRIUreb8WawmsdUkovq0y,166886722
256,11,Y5N=j>Naxr=MZ3*j,$2a$11$Ik22j9DW7cWZIV3Tt/qrxedzoas7tzj.aRIUreb8WawmsdUkovq0y,148595986
257,11,Y5N=j>Naxr=MZ3*j,$2a$11$Ik22j9DW7cWZIV3Tt/qrxedzoas7tzj.aRIUreb8WawmsdUkovq0y,144548679
258,11,Y5N=j>Naxr=MZ3*j,$2a$11$Ik22j9DW7cWZIV3Tt/qrxedzoas7tzj.aRIUreb8WawmsdUkovq0y,154453103
259,11,Y5N=j>Naxr=MZ3*j,$2a$11$Ik22j9DW7cWZIV3Tt/qrxedzoas7tzj.aRIUreb8WawmsdUkovq0y,146607442
260,11,Y5N=j>Naxr=MZ3*j,$2a$11$Ik22j9DW7cWZIV3Tt/qrxedzoas7tzj.aRIUreb8WawmsdUkovq0y,148054478
261,11,Y5N=j>Naxr=MZ3*j,$2a$11$Ik22j9DW7cWZIV3Tt/qrxedzoas7tzj.aRIUreb8WawmsdUkovq0y,145950733
262,11,Y5N=j>Naxr=MZ3*j,$2a$11$Ik22j9DW7cWZIV3Tt/qrxedzoas7tzj.aRIUreb8WawmsdUkovq0y,144710095
263,11,Y5N=j>Naxr=MZ3*j,$2a$11$Ik22j9DW7cWZIV3Tt/qrxedzoas7tzj.aRIUreb8WawmsdUkovq0y,147977099
264,11,Y5N=j>Naxr=MZ3*j,$2a$11$Ik22j9DW7cWZIV3Tt/qrxedzoas7tzj.aRIUreb8WawmsdUkovq0y,144769563
265,11,Y5N=j>Naxr=MZ3*j,$2a$11$Ik22j9DW7cWZIV3Tt/qrxedzoas7tzj.aRIUreb8WawmsdUkovq0y,145691857
266,11,Y5N=j>Naxr=MZ3*j,$2a$11$Ik22j9DW7cWZIV3Tt/qrxedzoas7tzj.aRIUreb8WawmsdUkovq0y,145238779
267,11,Y5N=j>Naxr=MZ3*j,$2a$11$Ik22j9DW7cWZIV3Tt/qrxedzoas7tzj.aRIUreb8WawmsdUkovq0y,144562975
268,11,Y5N=j>Naxr=MZ3*j,$2a$11$Ik22j9DW7cWZIV3Tt/qrxedzoas7tzj.aRIUreb8WawmsdUkovq0y,148435576
269,11,Y5N=j>Naxr=MZ3*j,$2a$11$Ik22j9DW7cWZIV3Tt/qrxedzoas7tzj.aRIUreb8WawmsdUkovq0y,145908450
270,11,Y5N=j>Naxr=MZ3*j,$2a$11$Ik22j9DW7cWZIV3Tt/qrxedzoas7tzj.aRIUreb8WawmsdUkovq0y,146477699
271,11,Y5N=j>Naxr=MZ3*j,$2a$11$Ik22j9DW7cWZIV3Tt/qrxedzoas7tzj.aRIUreb8WawmsdUkovq0y,146459358
272,11,Y5N=j>Naxr=MZ3*j,$2a$11$Ik22j9DW7cWZIV3Tt/qrxedzoas7tzj.aRIUreb8WawmsdUkovq0y,144879967
273,11,Y5N=j>Naxr=MZ3*j,$2a$11$Ik22j9DW7cWZIV3Tt/qrxedzoas7tzj.aRIUreb8WawmsdUkovq0y,148842903
274,11,Y5N=j>Naxr=MZ3*j,$2a$11$Ik22j9DW7cWZIV3Tt/qrxedzoas7tzj.aRIUreb8WawmsdUkovq0y,147571417
275,11,Y5N=j>Naxr=MZ3*j,$2a$11$Ik22j9DW7cWZIV3Tt/qrxedzoas7tzj.aRIUreb8WawmsdUkovq0y,143820499
276,11,Y5N=j>Naxr=MZ3*j,$2a$11$Ik22j9DW7cWZIV3Tt/qrxedzoas7tzj.aRIUreb8WawmsdUkovq0y,149757028
277,11,Y5N=j>Naxr=MZ3*j,$2a$11$Ik22j9DW7cWZIV3Tt/qrxedzoas7tzj.aRIUreb8WawmsdUkovq0y,174334439
278,11,Y5N=j>Naxr=MZ3*j,$2a$11$Ik22j9DW7cWZIV3Tt/qrxedzoas7tzj.aRIUreb8WawmsdUkovq0y,176895621
279,11,Y5N=j>Naxr=MZ3*j,$2a$11$Ik22j9DW7cWZIV3Tt/qrxedzoas7tzj.aRIUreb8WawmsdUkovq0y,162637024
280,11,Y5N=j>Naxr=MZ3*j,$2a$11$Ik22j9DW7cWZIV3Tt/qrxedzoas7tzj.aRIUreb8WawmsdUkovq0y,160851889
281,11,Y5N=j>Naxr=MZ3*j,$2a$11$Ik22j9DW7cWZIV3Tt/qrxedzoas7tzj.aRIUreb8WawmsdUkovq0y,152849412
282,11,Y5N=j>Naxr=MZ3*j,$2a$11$Ik22j9DW7cWZIV3Tt/qrxedzoas7tzj.aRIUreb8WawmsdUkovq0y,158227008
283,11,Y5N=j>Naxr=MZ3*j,$2a$11$Ik22j9DW7cWZIV3Tt/qrxedzoas7tzj.aRIUreb8WawmsdUkovq0y,148830258
284,11,Y5N=j>Naxr=MZ3*j,$2a$11$Ik22j9DW7cWZIV3Tt/qrxedzoas7tzj.aRIUreb8WawmsdUkovq0y,150085059
285,11,Y5N=j>Naxr=MZ3*j,$2a$11$Ik22j9DW7cWZIV3Tt/qrxedzoas7tzj.aRIUreb8WawmsdUkovq0y,150013307
286,11,Y5N=j>Naxr=MZ3*j,$2a$11$Ik22j9DW7cWZIV3Tt/qrxedzoas7tzj.aRIUreb8WawmsdUkovq0y,151771410
287,11,Y5N=j>Naxr=MZ3*j,$2a$11$Ik22j9DW7cWZIV3Tt/qrxedzoas7tzj.aRIUreb8WawmsdUkovq0y,150059547
288,11,Y5N=j>Naxr=MZ3*j,$2a$11$Ik22j9DW7cWZIV3Tt/qrxedzoas7tzj.aRIUreb8WawmsdUkovq0y,147133996
289,11,Y5N=j>Naxr=MZ3*j,$2a$11$Ik22j9DW7cWZIV3Tt/qrxedzoas7tzj.aRIUreb8WawmsdUkovq0y,151716284
290,11,Y5N=j>Naxr=MZ3*j,$2a$11$Ik22j9DW7cWZIV3Tt/qrxedzoas7tzj.aRIUreb8WawmsdUkovq0y,146320279
291,11,Y5N=j>Naxr=MZ3*j,$2a$11$Ik22j9DW7cWZIV3Tt/qrxedzoas7tzj.aRIUreb8WawmsdUkovq0y,151446943
292,11,Y5N=j>Naxr=MZ3*j,$2a$11$Ik22j9DW7cWZIV3Tt/qrxedzoas7tzj.aRIUreb8WawmsdUkovq0y,149299149
293,11,Y5N=j>Naxr=MZ3*j,$2a$11$Ik22j9DW7cWZIV3Tt/qrxedzoas7tzj.aRIUreb8WawmsdUkovq0y,146478228
294,11,Y5N=j>Naxr=MZ3*j,$2a$11$Ik22j9DW7cWZIV3Tt/qrxedzoas7tzj.aRIUreb8WawmsdUkovq0y,147830099
295,11,Y5N=j>Naxr=MZ3*j,$2a$11$Ik22j9DW7cWZIV3Tt/qrxedzoas7tzj.aRIUreb8WawmsdUkovq0y,148600410
296,11,Y5N=j>Naxr=MZ3*j,$2a$11$Ik22j9DW7cWZIV3Tt/qrxedzoas7tzj.aRIUreb8WawmsdUkovq0y,148217026
297,11,Y5N=j>Naxr=MZ3*j,$2a$11$Ik22j9DW7cWZIV3Tt/qrxedzoas7tzj.aRIUreb8WawmsdUkovq0y,145780774
298,11,Y5N=j>Naxr=MZ3*j,$2a$11$Ik22j9DW7cWZIV3Tt/qrxedzoas7tzj.aRIUreb8WawmsdUkovq0y,153940698
299,11,Y5N=j>Naxr=MZ3*j,$2a$11$Ik22j9DW7cWZIV3Tt/qrxedzoas7tzj.aRIUreb8WawmsdUkovq0y,147787190
300,11,Y5N=j>Naxr=MZ3*j,$2a$11$Ik22j9DW7cWZIV3Tt/qrxedzoas7tzj.aRIUreb8WawmsdUkovq0y,145197462
301,11,Y5N=j>Naxr=MZ3*j,$2a$11$Ik22j9DW7cWZIV3Tt/qrxedzoas7tzj.aRIUreb8WawmsdUkovq0y,145964201
302,11,Y5N=j>Naxr=MZ3*j,$2a$11$Ik22j9DW7cWZIV3Tt/qrxedzoas7tzj.aRIUreb8WawmsdUkovq0y,144845970
303,11,Y5N=j>Naxr=MZ3*j,$2a$11$Ik22j9DW7cWZIV3Tt/qrxedzoas7tzj.aRIUreb8WawmsdUkovq0y,145820340
304,11,Y5N=j>Naxr=MZ3*j,$2a$11$Ik22j9DW7cWZIV3Tt/qrxedzoas7tzj.aRIUreb8WawmsdUkovq0y,145772838
305,11,Y5N=j>Naxr=MZ3*j,$2a$11$Ik22j9DW7cWZIV3Tt/qrxedzoas7tzj.aRIUreb8WawmsdUkovq0y,148684044
306,11,Y5N=j>Naxr=MZ3*j,$2a$11$Ik22j9DW7cWZIV3Tt/qrxedzoas7tzj.aRIUreb8WawmsdUkovq0y,147373031
307,11,Y5N=j>Naxr=MZ3*j,$2a$11$Ik22j9DW7cWZIV3Tt/qrxedzoas7tzj.aRIUreb8WawmsdUkovq0y,144283340
308,11,Y5N=j>Naxr=MZ3*j,$2a$11$Ik22j9DW7cWZIV3Tt/qrxedzoas7tzj.aRIUreb8WawmsdUkovq0y,142848103
309,11,Y5N=j>Naxr=MZ3*j,$2a$11$Ik22j9DW7cWZIV3Tt/qrxedzoas7tzj.aRIUreb8WawmsdUkovq0y,144215706
310,11,Y5N=j>Naxr=MZ3*j,$2a$11$Ik22j9DW7cWZIV3Tt/qrxedzoas7tzj.aRIUreb8WawmsdUkovq0y,146260138
311,11,Y5N=j>Naxr=MZ3*j,$2a$11$Ik22j9DW7cWZIV3Tt/qrxedzoas7tzj.aRIUreb8WawmsdUkovq0y,147816039
312,11,Y5N=j>Naxr=MZ3*j,$2a$11$Ik22j9DW7cWZIV3Tt/qrxedzoas7tzj.aRIUreb8WawmsdUkovq0y,147764546
313,11,Y5N=j>Naxr=MZ3*j,$2a$11$Ik22j9DW7cWZIV3Tt/qrxedzoas7tzj.aRIUreb8WawmsdUkovq0y,148798518
314,11,Y5N=j>Naxr=MZ3*j,$2a$11$Ik22j9DW7cWZIV3Tt/qrxedzoas7tzj.aRIUreb8WawmsdUkovq0y,149068407
315,11,Y5N=j>Naxr=MZ3*j,$2a$11$Ik22j9DW7cWZIV3Tt/qrxedzoas7tzj.aRIUreb8WawmsdUkovq0y,148622298
316,11,Y5N=j>Naxr=MZ3*j,$2a$11$Ik22j9DW7cWZIV3Tt/qrxedzoas7tzj.aRIUreb8WawmsdUkovq0y,146294803
317,11,Y5N=j>Naxr=MZ3*j,$2a$11$Ik22j9DW7cWZIV3Tt/qrxedzoas7tzj.aRIUreb8WawmsdUkovq0y,144962984
318,11,Y5N=j>Naxr=MZ3*j,$2a$11$Ik22j9DW7cWZIV3Tt/qrxedzoas7tzj.aRIUreb8WawmsdUkovq0y,145873749
319,11,Y5N=j>Naxr=MZ3*j,$2a$11$Ik22j9DW7cWZIV3Tt/qrxedzoas7tzj.aRIUreb8WawmsdUkovq0y,145909433
320,11,Y5N=j>Naxr=MZ3*j,$2a$11$Ik22j9DW7cWZIV3Tt/qrxedzoas7tzj.aRIUreb8WawmsdUkovq0y,151015818
321,11,Y5N=j>Naxr=MZ3*j,$2a$11$Ik22j9DW7cWZIV3Tt/qrxedzoas7tzj.aRIUreb8WawmsdUkovq0y,152081691
322,11,Y5N=j>Naxr=MZ3*j,$2a$11$Ik22j9DW7cWZIV3Tt/qrxedzoas7tzj.aRIUreb8WawmsdUkovq0y,145741959
323,11,Y5N=j>Naxr=MZ3*j,$2a$11$Ik22j9DW7cWZIV3Tt/qrxedzoas7tzj.aRIUreb8WawmsdUkovq0y,149308280
324,11,Y5N=j>Naxr=MZ3*j,$2a$11$Ik22j9DW7cWZIV3Tt/qrxedzoas7tzj.aRIUreb8WawmsdUkovq0y,148723321
325,11,Y5N=j>Naxr=MZ3*j,$2a$11$Ik22j9DW7cWZIV3Tt/qrxedzoas7tzj.aRIUreb8WawmsdUkovq0y,146301357
326,11,Y5N=j>Naxr=MZ3*j,$2a$11$Ik22j9DW7cWZIV3Tt/qrxedzoas7tzj.aRIUreb8WawmsdUkovq0y,145970884
327,11,Y5N=j>Naxr=MZ3*j,$2a$11$Ik22j9DW7cWZIV3Tt/qrxedzoas7tzj.aRIUreb8WawmsdUkovq0y,145520500
328,11,Y5N=j>Naxr=MZ3*j,$2a$11$Ik22j9DW7cWZIV3Tt/qrxedzoas7tzj.aRIUreb8WawmsdUkovq0y,145612983
329,11,Y5N=j>Naxr=MZ3*j,$2a$11$Ik22j9DW7cWZIV3Tt/qrxedzoas7tzj.aRIUreb8WawmsdUkovq0y,145732011
330,11,Y5N=j>Naxr=MZ3*j,$2a$11$Ik22j9DW7cWZIV3Tt/qrxedzoas7tzj.aRIUreb8WawmsdUkovq0y,145733542
331,11,Y5N=j>Naxr=MZ3*j,$2a$11$Ik22j9DW7cWZIV3Tt/qrxedzoas7tzj.aRIUreb8WawmsdUkovq0y,145409428
332,11,Y5N=j>Naxr=MZ3*j,$2a$11$Ik22j9DW7cWZIV3Tt/qrxedzoas7tzj.aRIUreb8WawmsdUkovq0y,146729855
333,11,Y5N=j>Naxr=MZ3*j,$2a$11$Ik22j9DW7cWZIV3Tt/qrxedzoas7tzj.aRIUreb8WawmsdUkovq0y,145092216
334,11,Y5N=j>Naxr=MZ3*j,$2a$11$Ik22j9DW7cWZIV3Tt/qrxedzoas7tzj.aRIUreb8WawmsdUkovq0y,144845514
335,11,Y5N=j>Naxr=MZ3*j,$2a$11$Ik22j9DW7cWZIV3Tt/qrxedzoas7tzj.aRIUreb8WawmsdUkovq0y,144247351
336,11,Y5N=j>Naxr=MZ3*j,$2a$11$Ik22j9DW7cWZIV3Tt/qrxedzoas7tzj.aRIUreb8WawmsdUkovq0y,144016044
337,11,Y5N=j>Naxr=MZ3*j,$2a$11$Ik22j9DW7cWZIV3Tt/qrxedzoas7tzj.aRIUreb8WawmsdUkovq0y,155148723
338,11,Y5N=j>Naxr=MZ3*j,$2a$11$Ik22j9DW7cWZIV3Tt/qrxedzoas7tzj.aRIUreb8WawmsdUkovq0y,148588925
339,11,Y5N=j>Naxr=MZ3*j,$2a$11$Ik22j9DW7cWZIV3Tt/qrxedzoas7tzj.aRIUreb8WawmsdUkovq0y,146439064
340,11,Y5N=j>Naxr=MZ3*j,$2a$11$Ik22j9DW7cWZIV3Tt/qrxedzoas7tzj.aRIUreb8WawmsdUkovq0y,147784094
341,11,Y5N=j>Naxr=MZ3*j,$2a$11$Ik22j9DW7cWZIV3Tt/qrxedzoas7tzj.aRIUreb8WawmsdUkovq0y,148367922
342,11,Y5N=j>Naxr=MZ3*j,$2a$11$Ik22j9DW7cWZIV3Tt/qrxedzoas7tzj.aRIUreb8WawmsdUkovq0y,146146741
343,11,Y5N=j>Naxr=MZ3*j,$2a$11$Ik22j9DW7cWZIV3Tt/qrxedzoas7tzj.aRIUreb8WawmsdUkovq0y,150143377
344,11,Y5N=j>Naxr=MZ3*j,$2a$11$Ik22j9DW7cWZIV3Tt/qrxedzoas7tzj.aRIUreb8WawmsdUkovq0y,145754869
345,11,Y5N=j>Naxr=MZ3*j,$2a$11$Ik22j9DW7cWZIV3Tt/qrxedzoas7tzj.aRIUreb8WawmsdUkovq0y,145190364
346,11,Y5N=j>Naxr=MZ3*j,$2a$11$Ik22j9DW7cWZIV3Tt/qrxedzoas7tzj.aRIUreb8WawmsdUkovq0y,146196699
347,11,Y5N=j>Naxr=MZ3*j,$2a$11$Ik22j9DW7cWZIV3Tt/qrxedzoas7tzj.aRIUreb8WawmsdUkovq0y,146845550
348,11,Y5N=j>Naxr=MZ3*j,$2a$11$Ik22j9DW7cWZIV3Tt/qrxedzoas7tzj.aRIUreb8WawmsdUkovq0y,145287375
349,11,Y5N=j>Naxr=MZ3*j,$2a$11$Ik22j9DW7cWZIV3Tt/qrxedzoas7tzj.aRIUreb8WawmsdUkovq0y,145506799
350,11,Y5N=j>Naxr=MZ3*j,$2a$11$Ik22j9DW7cWZIV3Tt/qrxedzoas7tzj.aRIUreb8WawmsdUkovq0y,146701785
351,11,Y5N=j>Naxr=MZ3*j,$2a$11$Ik22j9DW7cWZIV3Tt/qrxedzoas7tzj.aRIUreb8WawmsdUkovq0y,144898287
352,11,Y5N=j>Naxr=MZ3*j,$2a$11$Ik22j9DW7cWZIV3Tt/qrxedzoas7tzj.aRIUreb8WawmsdUkovq0y,148987833
353,11,Y5N=j>Naxr=MZ3*j,$2a$11$Ik22j9DW7cWZIV3Tt/qrxedzoas7tzj.aRIUreb8WawmsdUkovq0y,145996130
354,11,Y5N=j>Naxr=MZ3*j,$2a$11$Ik22j9DW7cWZIV3Tt/qrxedzoas7tzj.aRIUreb8WawmsdUkovq0y,145405607
355,11,Y5N=j>Naxr=MZ3*j,$2a$11$Ik22j9DW7cWZIV3Tt/qrxedzoas7tzj.aRIUreb8WawmsdUkovq0y,144682342
356,11,Y5N=j>Naxr=MZ3*j,$2a$11$Ik22j9DW7cWZIV3Tt/qrxedzoas7tzj.aRIUreb8WawmsdUkovq0y,145014947
357,11,Y5N=j>Naxr=MZ3*j,$2a$11$Ik22j9DW7cWZIV3Tt/qrxedzoas7tzj.aRIUreb8WawmsdUkovq0y,146128413
358,11,Y5N=j>Naxr=MZ3*j,$2a$11$Ik22j9DW7cWZIV3Tt/qrxedzoas7tzj.aRIUreb8WawmsdUkovq0y,148083533
359,11,Y5N=j>Naxr=MZ3*j,$2a$11$Ik22j9DW7cWZIV3Tt/qrxedzoas7tzj.aRIUreb8WawmsdUkovq0y,144838417
360,11,Y5N=j>Naxr=MZ3*j,$2a$11$Ik22j9DW7cWZIV3Tt/qrxedzoas7tzj.aRIUreb8WawmsdUkovq0y,149102225
361,11,Y5N=j>Naxr=MZ3*j,$2a$11$Ik22j9DW7cWZIV3Tt/qrxedzoas7tzj.aRIUreb8WawmsdUkovq0y,146473677
362,11,Y5N=j>Naxr=MZ3*j,$2a$11$Ik22j9DW7cWZIV3Tt/qrxedzoas7tzj.aRIUreb8WawmsdUkovq0y,145962106
363,11,Y5N=j>Naxr=MZ3*j,$2a$11$Ik22j9DW7cWZIV3Tt/qrxedzoas7tzj.aRIUreb8WawmsdUkovq0y,146964800
364,11,Y5N=j>Naxr=MZ3*j,$2a$11$Ik22j9DW7cWZIV3Tt/qrxedzoas7tzj.aRIUreb8WawmsdUkovq0y,144953061
365,11,Y5N=j>Naxr=MZ3*j,$2a$11$Ik22j9DW7cWZIV3Tt/qrxedzoas7tzj.aRIUreb8WawmsdUkovq0y,145265653
366,11,Y5N=j>Naxr=MZ3*j,$2a$11$Ik22j9DW7cWZIV3Tt/qrxedzoas7tzj.aRIUreb8WawmsdUkovq0y,145599377
367,11,Y5N=j>Naxr=MZ3*j,$2a$11$Ik22j9DW7cWZIV3Tt/qrxedzoas7tzj.aRIUreb8WawmsdUkovq0y,150565790
368,11,Y5N=j>Naxr=MZ3*j,$2a$11$Ik22j9DW7cWZIV3Tt/qrxedzoas7tzj.aRIUreb8WawmsdUkovq0y,145190358
369,11,Y5N=j>Naxr=MZ3*j,$2a$11$Ik22j9DW7cWZIV3Tt/qrxedzoas7tzj.aRIUreb8WawmsdUkovq0y,146159455
370,11,Y5N=j>Naxr=MZ3*j,$2a$11$Ik22j9DW7cWZIV3Tt/qrxedzoas7tzj.aRIUreb8WawmsdUkovq0y,146685310
371,11,Y5N=j>Naxr=MZ3*j,$2a$11$Ik22j9DW7cWZIV3Tt/qrxedzoas7tzj.aRIUreb8WawmsdUkovq0y,145461265
372,11,Y5N=j>Naxr=MZ3*j,$2a$11$Ik22j9DW7cWZIV3Tt/qrxedzoas7tzj.aRIUreb8WawmsdUkovq0y,145382412
373,11,Y5N=j>Naxr=MZ3*j,$2a$11$Ik22j9DW7cWZIV3Tt/qrxedzoas7tzj.aRIUreb8WawmsdUkovq0y,144502340
374,11,Y5N=j>Naxr=MZ3*j,$2a$11$Ik22j9DW7cWZIV3Tt/qrxedzoas7tzj.aRIUreb8WawmsdUkovq0y,145225083
375,11,Y5N=j>Naxr=MZ3*j,$2a$11$Ik22j9DW7cWZIV3Tt/qrxedzoas7tzj.aRIUreb8WawmsdUkovq0y,146090792
376,11,Y5N=j>Naxr=MZ3*j,$2a$11$Ik22j9DW7cWZIV3Tt/qrxedzoas7tzj.aRIUreb8WawmsdUkovq0y,143853186
377,11,Y5N=j>Naxr=MZ3*j,$2a$11$Ik22j9DW7cWZIV3Tt/qrxedzoas7tzj.aRIUreb8WawmsdUkovq0y,145689155
378,11,Y5N=j>Naxr=MZ3*j,$2a$11$Ik22j9DW7cWZIV3Tt/qrxedzoas7tzj.aRIUreb8WawmsdUkovq0y,144915724
379,11,Y5N=j>Naxr=MZ3*j,$2a$11$Ik22j9DW7cWZIV3Tt/qrxedzoas7tzj.aRIUreb8WawmsdUkovq0y,145932411
380,11,Y5N=j>Naxr=MZ3*j,$2a$11$Ik22j9DW7cWZIV3Tt/qrxedzoas7tzj.aRIUreb8WawmsdUkovq0y,147059648
381,11,Y5N=j>Naxr=MZ3*j,$2a$11$Ik22j9DW7cWZIV3Tt/qrxedzoas7tzj.aRIUreb8WawmsdUkovq0y,147793833
382,11,Y5N=j>Naxr=MZ3*j,$2a$11$Ik22j9DW7cWZIV3Tt/qrxedzoas7tzj.aRIUreb8WawmsdUkovq0y,147587725
383,11,Y5N=j>Naxr=MZ3*j,$2a$11$Ik22j9DW7cWZIV3Tt/qrxedzoas7tzj.aRIUreb8WawmsdUkovq0y,147653414
384,11,Y5N=j>Naxr=MZ3*j,$2a$11$Ik22j9DW7cWZIV3Tt/qrxedzoas7tzj.aRIUreb8WawmsdUkovq0y,147031216
385,11,Y5N=j>Naxr=MZ3*j,$2a$11$Ik22j9DW7cWZIV3Tt/qrxedzoas7tzj.aRIUreb8WawmsdUkovq0y,148879082
386,11,Y5N=j>Naxr=MZ3*j,$2a$11$Ik22j9DW7cWZIV3Tt/qrxedzoas7tzj.aRIUreb8WawmsdUkovq0y,146420733
387,11,Y5N=j>Naxr=MZ3*j,$2a$11$Ik22j9DW7cWZIV3Tt/qrxedzoas7tzj.aRIUreb8WawmsdUkovq0y,150260658
388,11,Y5N=j>Naxr=MZ3*j,$2a$11$Ik22j9DW7cWZIV3Tt/qrxedzoas7tzj.aRIUreb8WawmsdUkovq0y,147952434
389,11,Y5N=j>Naxr=MZ3*j,$2a$11$Ik22j9DW7cWZIV3Tt/qrxedzoas7tzj.aRIUreb8WawmsdUkovq0y,146105012
390,11,Y5N=j>Naxr=MZ3*j,$2a$11$Ik22j9DW7cWZIV3Tt/qrxedzoas7tzj.aRIUreb8WawmsdUkovq0y,145304437
391,11,Y5N=j>Naxr=MZ3*j,$2a$11$Ik22j9DW7cWZIV3Tt/qrxedzoas7tzj.aRIUreb8WawmsdUkovq0y,145612221
392,11,Y5N=j>Naxr=MZ3*j,$2a$11$Ik22j9DW7cWZIV3Tt/qrxedzoas7tzj.aRIUreb8WawmsdUkovq0y,148273930
393,11,Y5N=j>Naxr=MZ3*j,$2a$11$Ik22j9DW7cWZIV3Tt/qrxedzoas7tzj.aRIUreb8WawmsdUkovq0y,145264306
394,11,Y5N=j>Naxr=MZ3*j,$2a$11$Ik22j9DW7cWZIV3Tt/qrxedzoas7tzj.aRIUreb8WawmsdUkovq0y,145441744
395,11,Y5N=j>Naxr=MZ3*j,$2a$11$Ik22j9DW7cWZIV3Tt/qrxedzoas7tzj.aRIUreb8WawmsdUkovq0y,145294917
396,11,Y5N=j>Naxr=MZ3*j,$2a$11$Ik22j9DW7cWZIV3Tt/qrxedzoas7tzj.aRIUreb8WawmsdUkovq0y,145586563
397,11,Y5N=j>Naxr=MZ3*j,$2a$11$Ik22j9DW7cWZIV3Tt/qrxedzoas7tzj.aRIUreb8WawmsdUkovq0y,147978139
398,11,Y5N=j>Naxr=MZ3*j,$2a$11$Ik22j9DW7cWZIV3Tt/qrxedzoas7tzj.aRIUreb8WawmsdUkovq0y,145201317
399,11,Y5N=j>Naxr=MZ3*j,$2a$11$Ik22j9DW7cWZIV3Tt/qrxedzoas7tzj.aRIUreb8WawmsdUkovq0y,147159704
400,11,Y5N=j>Naxr=MZ3*j,$2a$11$Ik22j9DW7cWZIV3Tt/qrxedzoas7tzj.aRIUreb8WawmsdUkovq0y,144888759
401,11,Y5N=j>Naxr=MZ3*j,$2a$11$Ik22j9DW7cWZIV3Tt/qrxedzoas7tzj.aRIUreb8WawmsdUkovq0y,144512631
402,11,Y5N=j>Naxr=MZ3*j,$2a$11$Ik22j9DW7cWZIV3Tt/qrxedzoas7tzj.aRIUreb8WawmsdUkovq0y,144381384
403,11,Y5N=j>Naxr=MZ3*j,$2a$11$Ik22j9DW7cWZIV3Tt/qrxedzoas7tzj.aRIUreb8WawmsdUkovq0y,144349445
404,11,Y5N=j>Naxr=MZ3*j,$2a$11$Ik22j9DW7cWZIV3Tt/qrxedzoas7tzj.aRIUreb8WawmsdUkovq0y,144390771
405,11,Y5N=j>Naxr=MZ3*j,$2a$11$Ik22j9DW7cWZIV3Tt/qrxedzoas7tzj.aRIUreb8WawmsdUkovq0y,145586700
406,11,Y5N=j>Naxr=MZ3*j,$2a$11$Ik22j9DW7cWZIV3Tt/qrxedzoas7tzj.aRIUreb8WawmsdUkovq0y,144513099
407,11,Y5N=j>Naxr=MZ3*j,$2a$11$Ik22j9DW7cWZIV3Tt/qrxedzoas7tzj.aRIUreb8WawmsdUkovq0y,144825178
408,11,Y5N=j>Naxr=MZ3*j,$2a$11$Ik22j9DW7cWZIV3Tt/qrxedzoas7tzj.aRIUreb8WawmsdUkovq0y,144785213
409,11,Y5N=j>Naxr=MZ3*j,$2a$11$Ik22j9DW7cWZIV3Tt/qrxedzoas7tzj.aRIUreb8WawmsdUkovq0y,145308587
410,11,Y5N=j>Naxr=MZ3*j,$2a$11$Ik22j9DW7cWZIV3Tt/qrxedzoas7tzj.aRIUreb8WawmsdUkovq0y,143408965
411,11,Y5N=j>Naxr=MZ3*j,$2a$11$Ik22j9DW7cWZIV3Tt/qrxedzoas7tzj.aRIUreb8WawmsdUkovq0y,144888751
412,11,Y5N=j>Naxr=MZ3*j,$2a$11$Ik22j9DW7cWZIV3Tt/qrxedzoas7tzj.aRIUreb8WawmsdUkovq0y,146094776
413,11,Y5N=j>Naxr=MZ3*j,$2a$11$Ik22j9DW7cWZIV3Tt/qrxedzoas7tzj.aRIUreb8WawmsdUkovq0y,146517049
414,11,Y5N=j>Naxr=MZ3*j,$2a$11$Ik22j9DW7cWZIV3Tt/qrxedzoas7tzj.aRIUreb8WawmsdUkovq0y,144829459
415,11,Y5N=j>Naxr=MZ3*j,$2a$11$Ik22j9DW7cWZIV3Tt/qrxedzoas7tzj.aRIUreb8WawmsdUkovq0y,144680042
416,11,Y5N=j>Naxr=MZ3*j,$2a$11$Ik22j9DW7cWZIV3Tt/qrxedzoas7tzj.aRIUreb8WawmsdUkovq0y,144745972
417,11,Y5N=j>Naxr=MZ3*j,$2a$11$Ik22j9DW7cWZIV3Tt/qrxedzoas7tzj.aRIUreb8WawmsdUkovq0y,143756431
418,11,Y5N=j>Naxr=MZ3*j,$2a$11$Ik22j9DW7cWZIV3Tt/qrxedzoas7tzj.aRIUreb8WawmsdUkovq0y,145342453
419,11,Y5N=j>Naxr=MZ3*j,$2a$11$Ik22j9DW7cWZIV3Tt/qrxedzoas7tzj.aRIUreb8WawmsdUkovq0y,144511623
420,11,Y5N=j>Naxr=MZ3*j,$2a$11$Ik22j9DW7cWZIV3Tt/qrxedzoas7tzj.aRIUreb8WawmsdUkovq0y,144469558
421,11,Y5N=j>Naxr=MZ3*j,$2a$11$Ik22j9DW7cWZIV3Tt/qrxedzoas7tzj.aRIUreb8WawmsdUkovq0y,147562307
422,11,Y5N=j>Naxr=MZ3*j,$2a$11$Ik22j9DW7cWZIV3Tt/qrxedzoas7tzj.aRIUreb8WawmsdUkovq0y,149447842
423,11,Y5N=j>Naxr=MZ3*j,$2a$11$Ik22j9DW7cWZIV3Tt/qrxedzoas7tzj.aRIUreb8WawmsdUkovq0y,145029750
424,11,Y5N=j>Naxr=MZ3*j,$2a$11$Ik22j9DW7cWZIV3Tt/qrxedzoas7tzj.aRIUreb8WawmsdUkovq0y,148032485
425,11,Y5N=j>Naxr=MZ3*j,$2a$11$Ik22j9DW7cWZIV3Tt/qrxedzoas7tzj.aRIUreb8WawmsdUkovq0y,144514587
426,11,Y5N=j>Naxr=MZ3*j,$2a$11$Ik22j9DW7cWZIV3Tt/qrxedzoas7tzj.aRIUreb8WawmsdUkovq0y,147514426
427,11,Y5N=j>Naxr=MZ3*j,$2a$11$Ik22j9DW7cWZIV3Tt/qrxedzoas7tzj.aRIUreb8WawmsdUkovq0y,145549608
428,11,Y5N=j>Naxr=MZ3*j,$2a$11$Ik22j9DW7cWZIV3Tt/qrxedzoas7tzj.aRIUreb8WawmsdUkovq0y,168649725
429,11,Y5N=j>Naxr=MZ3*j,$2a$11$Ik22j9DW7cWZIV3Tt/qrxedzoas7tzj.aRIUreb8WawmsdUkovq0y,194119647
430,11,Y5N=j>Naxr=MZ3*j,$2a$11$Ik22j9DW7cWZIV3Tt/qrxedzoas7tzj.aRIUreb8WawmsdUkovq0y,155159414
431,11,Y5N=j>Naxr=MZ3*j,$2a$11$Ik22j9DW7cWZIV3Tt/qrxedzoas7tzj.aRIUreb8WawmsdUkovq0y,158165475
432,11,Y5N=j>Naxr=MZ3*j,$2a$11$Ik22j9DW7cWZIV3Tt/qrxedzoas7tzj.aRIUreb8WawmsdUkovq0y,150050723
433,11,Y5N=j>Naxr=MZ3*j,$2a$11$Ik22j9DW7cWZIV3Tt/qrxedzoas7tzj.aRIUreb8WawmsdUkovq0y,161114382
434,11,Y5N=j>Naxr=MZ3*j,$2a$11$Ik22j9DW7cWZIV3Tt/qrxedzoas7tzj.aRIUreb8WawmsdUkovq0y,158577737
435,11,Y5N=j>Naxr=MZ3*j,$2a$11$Ik22j9DW7cWZIV3Tt/qrxedzoas7tzj.aRIUreb8WawmsdUkovq0y,151858102
436,11,Y5N=j>Naxr=MZ3*j,$2a$11$Ik22j9DW7cWZIV3Tt/qrxedzoas7tzj.aRIUreb8WawmsdUkovq0y,148662866
437,11,Y5N=j>Naxr=MZ3*j,$2a$11$Ik22j9DW7cWZIV3Tt/qrxedzoas7tzj.aRIUreb8WawmsdUkovq0y,145865783
438,11,Y5N=j>Naxr=MZ3*j,$2a$11$Ik22j9DW7cWZIV3Tt/qrxedzoas7tzj.aRIUreb8WawmsdUkovq0y,153072760
439,11,Y5N=j>Naxr=MZ3*j,$2a$11$Ik22j9DW7cWZIV3Tt/qrxedzoas7tzj.aRIUreb8WawmsdUkovq0y,147945899
440,11,Y5N=j>Naxr=MZ3*j,$2a$11$Ik22j9DW7cWZIV3Tt/qrxedzoas7tzj.aRIUreb8WawmsdUkovq0y,146024872
441,11,Y5N=j>Naxr=MZ3*j,$2a$11$Ik22j9DW7cWZIV3Tt/qrxedzoas7tzj.aRIUreb8WawmsdUkovq0y,146897096
442,11,Y5N=j>Naxr=MZ3*j,$2a$11$Ik22j9DW7cWZIV3Tt/qrxedzoas7tzj.aRIUreb8WawmsdUkovq0y,152671115
443,11,Y5N=j>Naxr=MZ3*j,$2a$11$Ik22j9DW7cWZIV3Tt/qrxedzoas7tzj.aRIUreb8WawmsdUkovq0y,146568055
444,11,Y5N=j>Naxr=MZ3*j,$2a$11$Ik22j9DW7cWZIV3Tt/qrxedzoas7tzj.aRIUreb8WawmsdUkovq0y,151137023
445,11,Y5N=j>Naxr=MZ3*j,$2a$11$Ik22j9DW7cWZIV3Tt/qrxedzoas7tzj.aRIUreb8WawmsdUkovq0y,156096537
446,11,Y5N=j>Naxr=MZ3*j,$2a$11$Ik22j9DW7cWZIV3Tt/qrxedzoas7tzj.aRIUreb8WawmsdUkovq0y,150734602
447,11,Y5N=j>Naxr=MZ3*j,$2a$11$Ik22j9DW7cWZIV3Tt/qrxedzoas7tzj.aRIUreb8WawmsdUkovq0y,153829935
448,11,Y5N=j>Naxr=MZ3*j,$2a$11$Ik22j9DW7cWZIV3Tt/qrxedzoas7tzj.aRIUreb8WawmsdUkovq0y,152695704
449,11,Y5N=j>Naxr=MZ3*j,$2a$11$Ik22j9DW7cWZIV3Tt/qrxedzoas7tzj.aRIUreb8WawmsdUkovq0y,152258541
450,11,Y5N=j>Naxr=MZ3*j,$2a$11$Ik22j9DW7cWZIV3Tt/qrxedzoas7tzj.aRIUreb8WawmsdUkovq0y,148639171
451,11,Y5N=j>Naxr=MZ3*j,$2a$11$Ik22j9DW7cWZIV3Tt/qrxedzoas7tzj.aRIUreb8WawmsdUkovq0y,148059713
452,11,Y5N=j>Naxr=MZ3*j,$2a$11$Ik22j9DW7cWZIV3Tt/qrxedzoas7tzj.aRIUreb8WawmsdUkovq0y,147238238
453,11,Y5N=j>Naxr=MZ3*j,$2a$11$Ik22j9DW7cWZIV3Tt/qrxedzoas7tzj.aRIUreb8WawmsdUkovq0y,147784268
454,11,Y5N=j>Naxr=MZ3*j,$2a$11$Ik22j9DW7cWZIV3Tt/qrxedzoas7tzj.aRIUreb8WawmsdUkovq0y,147103245
455,11,Y5N=j>Naxr=MZ3*j,$2a$11$Ik22j9DW7cWZIV3Tt/qrxedzoas7tzj.aRIUreb8WawmsdUkovq0y,144754618
456,11,Y5N=j>Naxr=MZ3*j,$2a$11$Ik22j9DW7cWZIV3Tt/qrxedzoas7tzj.aRIUreb8WawmsdUkovq0y,147615082
457,11,Y5N=j>Naxr=MZ3*j,$2a$11$Ik22j9DW7cWZIV3Tt/qrxedzoas7tzj.aRIUreb8WawmsdUkovq0y,151555867
458,11,Y5N=j>Naxr=MZ3*j,$2a$11$Ik22j9DW7cWZIV3Tt/qrxedzoas7tzj.aRIUreb8WawmsdUkovq0y,146796574
459,11,Y5N=j>Naxr=MZ3*j,$2a$11$Ik22j9DW7cWZIV3Tt/qrxedzoas7tzj.aRIUreb8WawmsdUkovq0y,146586339
460,11,Y5N=j>Naxr=MZ3*j,$2a$11$Ik22j9DW7cWZIV3Tt/qrxedzoas7tzj.aRIUreb8WawmsdUkovq0y,147708423
461,11,Y5N=j>Naxr=MZ3*j,$2a$11$Ik22j9DW7cWZIV3Tt/qrxedzoas7tzj.aRIUreb8WawmsdUkovq0y,147275244
462,11,Y5N=j>Naxr=MZ3*j,$2a$11$Ik22j9DW7cWZIV3Tt/qrxedzoas7tzj.aRIUreb8WawmsdUkovq0y,150998591
463,11,Y5N=j>Naxr=MZ3*j,$2a$11$Ik22j9DW7cWZIV3Tt/qrxedzoas7tzj.aRIUreb8WawmsdUkovq0y,149685919
464,11,Y5N=j>Naxr=MZ3*j,$2a$11$Ik22j9DW7cWZIV3Tt/qrxedzoas7tzj.aRIUreb8WawmsdUkovq0y,149409132
465,11,Y5N=j>Naxr=MZ3*j,$2a$11$Ik22j9DW7cWZIV3Tt/qrxedzoas7tzj.aRIUreb8WawmsdUkovq0y,147320320
466,11,Y5N=j>Naxr=MZ3*j,$2a$11$Ik22j9DW7cWZIV3Tt/qrxedzoas7tzj.aRIUreb8WawmsdUkovq0y,145720295
467,11,Y5N=j>Naxr=MZ3*j,$2a$11$Ik22j9DW7cWZIV3Tt/qrxedzoas7tzj.aRIUreb8WawmsdUkovq0y,145804884
468,11,Y5N=j>Naxr=MZ3*j,$2a$11$Ik22j9DW7cWZIV3Tt/qrxedzoas7tzj.aRIUreb8WawmsdUkovq0y,149057325
469,11,Y5N=j>Naxr=MZ3*j,$2a$11$Ik22j9DW7cWZIV3Tt/qrxedzoas7tzj.aRIUreb8WawmsdUkovq0y,147112548
470,11,Y5N=j>Naxr=MZ3*j,$2a$11$Ik22j9DW7cWZIV3Tt/qrxedzoas7tzj.aRIUreb8WawmsdUkovq0y,147046422
471,11,Y5N=j>Naxr=MZ3*j,$2a$11$Ik22j9DW7cWZIV3Tt/qrxedzoas7tzj.aRIUreb8WawmsdUkovq0y,146001065
472,11,Y5N=j>Naxr=MZ3*j,$2a$11$Ik22j9DW7cWZIV3Tt/qrxedzoas7tzj.aRIUreb8WawmsdUkovq0y,149389568
473,11,Y5N=j>Naxr=MZ3*j,$2a$11$Ik22j9DW7cWZIV3Tt/qrxedzoas7tzj.aRIUreb8WawmsdUkovq0y,152854628
474,11,Y5N=j>Naxr=MZ3*j,$2a$11$Ik22j9DW7cWZIV3Tt/qrxedzoas7tzj.aRIUreb8WawmsdUkovq0y,150049466
475,11,Y5N=j>Naxr=MZ3*j,$2a$11$Ik22j9DW7cWZIV3Tt/qrxedzoas7tzj.aRIUreb8WawmsdUkovq0y,150272587
476,11,Y5N=j>Naxr=MZ3*j,$2a$11$Ik22j9DW7cWZIV3Tt/qrxedzoas7tzj.aRIUreb8WawmsdUkovq0y,150591851
477,11,Y5N=j>Naxr=MZ3*j,$2a$11$Ik22j9DW7cWZIV3Tt/qrxedzoas7tzj.aRIUreb8WawmsdUkovq0y,151749812
478,11,Y5N=j>Naxr=MZ3*j,$2a$11$Ik22j9DW7cWZIV3Tt/qrxedzoas7tzj.aRIUreb8WawmsdUkovq0y,149433099
479,11,Y5N=j>Naxr=MZ3*j,$2a$11$Ik22j9DW7cWZIV3Tt/qrxedzoas7tzj.aRIUreb8WawmsdUkovq0y,149445784
480,11,Y5N=j>Naxr=MZ3*j,$2a$11$Ik22j9DW7cWZIV3Tt/qrxedzoas7tzj.aRIUreb8WawmsdUkovq0y,149100669
481,11,Y5N=j>Naxr=MZ3*j,$2a$11$Ik22j9DW7cWZIV3Tt/qrxedzoas7tzj.aRIUreb8WawmsdUkovq0y,151137383
482,11,Y5N=j>Naxr=MZ3*j,$2a$11$Ik22j9DW7cWZIV3Tt/qrxedzoas7tzj.aRIUreb8WawmsdUkovq0y,151784673
483,11,Y5N=j>Naxr=MZ3*j,$2a$11$Ik22j9DW7cWZIV3Tt/qrxedzoas7tzj.aRIUreb8WawmsdUkovq0y,148595101
484,11,Y5N=j>Naxr=MZ3*j,$2a$11$Ik22j9DW7cWZIV3Tt/qrxedzoas7tzj.aRIUreb8WawmsdUkovq0y,145478501
485,11,Y5N=j>Naxr=MZ3*j,$2a$11$Ik22j9DW7cWZIV3Tt/qrxedzoas7tzj.aRIUreb8WawmsdUkovq0y,150097565
486,11,Y5N=j>Naxr=MZ3*j,$2a$11$Ik22j9DW7cWZIV3Tt/qrxedzoas7tzj.aRIUreb8WawmsdUkovq0y,150122223
487,11,Y5N=j>Naxr=MZ3*j,$2a$11$Ik22j9DW7cWZIV3Tt/qrxedzoas7tzj.aRIUreb8WawmsdUkovq0y,153212621
488,11,Y5N=j>Naxr=MZ3*j,$2a$11$Ik22j9DW7cWZIV3Tt/qrxedzoas7tzj.aRIUreb8WawmsdUkovq0y,148462982
489,11,Y5N=j>Naxr=MZ3*j,$2a$11$Ik22j9DW7cWZIV3Tt/qrxedzoas7tzj.aRIUreb8WawmsdUkovq0y,159503722
490,11,Y5N=j>Naxr=MZ3*j,$2a$11$Ik22j9DW7cWZIV3Tt/qrxedzoas7tzj.aRIUreb8WawmsdUkovq0y,149288141
491,11,Y5N=j>Naxr=MZ3*j,$2a$11$Ik22j9DW7cWZIV3Tt/qrxedzoas7tzj.aRIUreb8WawmsdUkovq0y,160528422
492,11,Y5N=j>Naxr=MZ3*j,$2a$11$Ik22j9DW7cWZIV3Tt/qrxedzoas7tzj.aRIUreb8WawmsdUkovq0y,150081571
493,11,Y5N=j>Naxr=MZ3*j,$2a$11$Ik22j9DW7cWZIV3Tt/qrxedzoas7tzj.aRIUreb8WawmsdUkovq0y,150894431
494,11,Y5N=j>Naxr=MZ3*j,$2a$11$Ik22j9DW7cWZIV3Tt/qrxedzoas7tzj.aRIUreb8WawmsdUkovq0y,146848901
495,11,Y5N=j>Naxr=MZ3*j,$2a$11$Ik22j9DW7cWZIV3Tt/qrxedzoas7tzj.aRIUreb8WawmsdUkovq0y,146101757
496,11,Y5N=j>Naxr=MZ3*j,$2a$11$Ik22j9DW7cWZIV3Tt/qrxedzoas7tzj.aRIUreb8WawmsdUkovq0y,146594632
497,11,Y5N=j>Naxr=MZ3*j,$2a$11$Ik22j9DW7cWZIV3Tt/qrxedzoas7tzj.aRIUreb8WawmsdUkovq0y,145810071
498,11,Y5N=j>Naxr=MZ3*j,$2a$11$Ik22j9DW7cWZIV3Tt/qrxedzoas7tzj.aRIUreb8WawmsdUkovq0y,149442676
499,11,Y5N=j>Naxr=MZ3*j,$2a$11$Ik22j9DW7cWZIV3Tt/qrxedzoas7tzj.aRIUreb8WawmsdUkovq0y,147231475
500,11,Y5N=j>Naxr=MZ3*j,$2a$11$Ik22j9DW7cWZIV3Tt/qrxedzoas7tzj.aRIUreb8WawmsdUkovq0y,148679197
501,11,Y5N=j>Naxr=MZ3*j,$2a$11$Ik22j9DW7cWZIV3Tt/qrxedzoas7tzj.aRIUreb8WawmsdUkovq0y,149776636
502,11,Y5N=j>Naxr=MZ3*j,$2a$11$Ik22j9DW7cWZIV3Tt/qrxedzoas7tzj.aRIUreb8WawmsdUkovq0y,150339767
503,11,Y5N=j>Naxr=MZ3*j,$2a$11$Ik22j9DW7cWZIV3Tt/qrxedzoas7tzj.aRIUreb8WawmsdUkovq0y,149607311
504,11,Y5N=j>Naxr=MZ3*j,$2a$11$Ik22j9DW7cWZIV3Tt/qrxedzoas7tzj.aRIUreb8WawmsdUkovq0y,152691525
505,11,Y5N=j>Naxr=MZ3*j,$2a$11$Ik22j9DW7cWZIV3Tt/qrxedzoas7tzj.aRIUreb8WawmsdUkovq0y,147056316
506,11,Y5N=j>Naxr=MZ3*j,$2a$11$Ik22j9DW7cWZIV3Tt/qrxedzoas7tzj.aRIUreb8WawmsdUkovq0y,153751610
507,11,Y5N=j>Naxr=MZ3*j,$2a$11$Ik22j9DW7cWZIV3Tt/qrxedzoas7tzj.aRIUreb8WawmsdUkovq0y,148444199
508,11,Y5N=j>Naxr=MZ3*j,$2a$11$Ik22j9DW7cWZIV3Tt/qrxedzoas7tzj.aRIUreb8WawmsdUkovq0y,147580663
509,11,Y5N=j>Naxr=MZ3*j,$2a$11$Ik22j9DW7cWZIV3Tt/qrxedzoas7tzj.aRIUreb8WawmsdUkovq0y,148465799
510,11,Y5N=j>Naxr=MZ3*j,$2a$11$Ik22j9DW7cWZIV3Tt/qrxedzoas7tzj.aRIUreb8WawmsdUkovq0y,146083672
511,11,Y5N=j>Naxr=MZ3*j,$2a$11$Ik22j9DW7cWZIV3Tt/qrxedzoas7tzj.aRIUreb8WawmsdUkovq0y,147656851
512,11,Y5N=j>Naxr=MZ3*j,$2a$11$Ik22j9DW7cWZIV3Tt/qrxedzoas7tzj.aRIUreb8WawmsdUkovq0y,148373796
513,11,Y5N=j>Naxr=MZ3*j,$2a$11$Ik22j9DW7cWZIV3Tt/qrxedzoas7tzj.aRIUreb8WawmsdUkovq0y,146653637
514,11,Y5N=j>Naxr=MZ3*j,$2a$11$Ik22j9DW7cWZIV3Tt/qrxedzoas7tzj.aRIUreb8WawmsdUkovq0y,148561730
515,11,Y5N=j>Naxr=MZ3*j,$2a$11$Ik22j9DW7cWZIV3Tt/qrxedzoas7tzj.aRIUreb8WawmsdUkovq0y,150239348
516,11,Y5N=j>Naxr=MZ3*j,$2a$11$Ik22j9DW7cWZIV3Tt/qrxedzoas7tzj.aRIUreb8WawmsdUkovq0y,145159816
517,11,Y5N=j>Naxr=MZ3*j,$2a$11$Ik22j9DW7cWZIV3Tt/qrxedzoas7tzj.aRIUreb8WawmsdUkovq0y,150723358
518,11,Y5N=j>Naxr=MZ3*j,$2a$11$Ik22j9DW7cWZIV3Tt/qrxedzoas7tzj.aRIUreb8WawmsdUkovq0y,149791071
519,11,Y5N=j>Naxr=MZ3*j,$2a$11$Ik22j9DW7cWZIV3Tt/qrxedzoas7tzj.aRIUreb8WawmsdUkovq0y,149048609
520,11,Y5N=j>Naxr=MZ3*j,$2a$11$Ik22j9DW7cWZIV3Tt/qrxedzoas7tzj.aRIUreb8WawmsdUkovq0y,156587951
521,11,Y5N=j>Naxr=MZ3*j,$2a$11$Ik22j9DW7cWZIV3Tt/qrxedzoas7tzj.aRIUreb8WawmsdUkovq0y,150063005
522,11,Y5N=j>Naxr=MZ3*j,$2a$11$Ik22j9DW7cWZIV3Tt/qrxedzoas7tzj.aRIUreb8WawmsdUkovq0y,148614109
523,11,Y5N=j>Naxr=MZ3*j,$2a$11$Ik22j9DW7cWZIV3Tt/qrxedzoas7tzj.aRIUreb8WawmsdUkovq0y,154085606
524,11,Y5N=j>Naxr=MZ3*j,$2a$11$Ik22j9DW7cWZIV3Tt/qrxedzoas7tzj.aRIUreb8WawmsdUkovq0y,145760867
525,11,Y5N=j>Naxr=MZ3*j,$2a$11$Ik22j9DW7cWZIV3Tt/qrxedzoas7tzj.aRIUreb8WawmsdUkovq0y,147782490
526,11,Y5N=j>Naxr=MZ3*j,$2a$11$Ik22j9DW7cWZIV3Tt/qrxedzoas7tzj.aRIUreb8WawmsdUkovq0y,148593184
527,11,Y5N=j>Naxr=MZ3*j,$2a$11$Ik22j9DW7cWZIV3Tt/qrxedzoas7tzj.aRIUreb8WawmsdUkovq0y,147253700
528,11,Y5N=j>Naxr=MZ3*j,$2a$11$Ik22j9DW7cWZIV3Tt/qrxedzoas7tzj.aRIUreb8WawmsdUkovq0y,149793312
529,11,Y5N=j>Naxr=MZ3*j,$2a$11$Ik22j9DW7cWZIV3Tt/qrxedzoas7tzj.aRIUreb8WawmsdUkovq0y,146879042
530,11,Y5N=j>Naxr=MZ3*j,$2a$11$Ik22j9DW7cWZIV3Tt/qrxedzoas7tzj.aRIUreb8WawmsdUkovq0y,146860440
531,11,Y5N=j>Naxr=MZ3*j,$2a$11$Ik22j9DW7cWZIV3Tt/qrxedzoas7tzj.aRIUreb8WawmsdUkovq0y,147996220
532,11,Y5N=j>Naxr=MZ3*j,$2a$11$Ik22j9DW7cWZIV3Tt/qrxedzoas7tzj.aRIUreb8WawmsdUkovq0y,152637998
533,11,Y5N=j>Naxr=MZ3*j,$2a$11$Ik22j9DW7cWZIV3Tt/qrxedzoas7tzj.aRIUreb8WawmsdUkovq0y,147530163
534,11,Y5N=j>Naxr=MZ3*j,$2a$11$Ik22j9DW7cWZIV3Tt/qrxedzoas7tzj.aRIUreb8WawmsdUkovq0y,146292805
535,11,Y5N=j>Naxr=MZ3*j,$2a$11$Ik22j9DW7cWZIV3Tt/qrxedzoas7tzj.aRIUreb8WawmsdUkovq0y,147494420
536,11,Y5N=j>Naxr=MZ3*j,$2a$11$Ik22j9DW7cWZIV3Tt/qrxedzoas7tzj.aRIUreb8WawmsdUkovq0y,152989101
537,11,Y5N=j>Naxr=MZ3*j,$2a$11$Ik22j9DW7cWZIV3Tt/qrxedzoas7tzj.aRIUreb8WawmsdUkovq0y,147392358
538,11,Y5N=j>Naxr=MZ3*j,$2a$11$Ik22j9DW7cWZIV3Tt/qrxedzoas7tzj.aRIUreb8WawmsdUkovq0y,148369163
539,11,Y5N=j>Naxr=MZ3*j,$2a$11$Ik22j9DW7cWZIV3Tt/qrxedzoas7tzj.aRIUreb8WawmsdUkovq0y,146511545
540,11,Y5N=j>Naxr=MZ3*j,$2a$11$Ik22j9DW7cWZIV3Tt/qrxedzoas7tzj.aRIUreb8WawmsdUkovq0y,146767839
541,11,Y5N=j>Naxr=MZ3*j,$2a$11$Ik22j9DW7cWZIV3Tt/qrxedzoas7tzj.aRIUreb8WawmsdUkovq0y,149466791
542,11,Y5N=j>Naxr=MZ3*j,$2a$11$Ik22j9DW7cWZIV3Tt/qrxedzoas7tzj.aRIUreb8WawmsdUkovq0y,147441652
543,11,Y5N=j>Naxr=MZ3*j,$2a$11$Ik22j9DW7cWZIV3Tt/qrxedzoas7tzj.aRIUreb8WawmsdUkovq0y,147216058
544,11,Y5N=j>Naxr=MZ3*j,$2a$11$Ik22j9DW7cWZIV3Tt/qrxedzoas7tzj.aRIUreb8WawmsdUkovq0y,149403312
545,11,Y5N=j>Naxr=MZ3*j,$2a$11$Ik22j9DW7cWZIV3Tt/qrxedzoas7tzj.aRIUreb8WawmsdUkovq0y,151487698
546,11,Y5N=j>Naxr=MZ3*j,$2a$11$Ik22j9DW7cWZIV3Tt/qrxedzoas7tzj.aRIUreb8WawmsdUkovq0y,150804309
547,11,Y5N=j>Naxr=MZ3*j,$2a$11$Ik22j9DW7cWZIV3Tt/qrxedzoas7tzj.aRIUreb8WawmsdUkovq0y,157678557
548,11,Y5N=j>Naxr=MZ3*j,$2a$11$Ik22j9DW7cWZIV3Tt/qrxedzoas7tzj.aRIUreb8WawmsdUkovq0y,151393079
549,11,Y5N=j>Naxr=MZ3*j,$2a$11$Ik22j9DW7cWZIV3Tt/qrxedzoas7tzj.aRIUreb8WawmsdUkovq0y,147710558
550,11,Y5N=j>Naxr=MZ3*j,$2a$11$Ik22j9DW7cWZIV3Tt/qrxedzoas7tzj.aRIUreb8WawmsdUkovq0y,147645529
551,11,Y5N=j>Naxr=MZ3*j,$2a$11$Ik22j9DW7cWZIV3Tt/qrxedzoas7tzj.aRIUreb8WawmsdUkovq0y,148299174
552,11,Y5N=j>Naxr=MZ3*j,$2a$11$Ik22j9DW7cWZIV3Tt/qrxedzoas7tzj.aRIUreb8WawmsdUkovq0y,146574930
553,11,Y5N=j>Naxr=MZ3*j,$2a$11$Ik22j9DW7cWZIV3Tt/qrxedzoas7tzj.aRIUreb8WawmsdUkovq0y,150377950
554,11,Y5N=j>Naxr=MZ3*j,$2a$11$Ik22j9DW7cWZIV3Tt/qrxedzoas7tzj.aRIUreb8WawmsdUkovq0y,145900474
555,11,Y5N=j>Naxr=MZ3*j,$2a$11$Ik22j9DW7cWZIV3Tt/qrxedzoas7tzj.aRIUreb8WawmsdUkovq0y,148130065
556,11,Y5N=j>Naxr=MZ3*j,$2a$11$Ik22j9DW7cWZIV3Tt/qrxedzoas7tzj.aRIUreb8WawmsdUkovq0y,151471312
557,11,Y5N=j>Naxr=MZ3*j,$2a$11$Ik22j9DW7cWZIV3Tt/qrxedzoas7tzj.aRIUreb8WawmsdUkovq0y,145971794
558,11,Y5N=j>Naxr=MZ3*j,$2a$11$Ik22j9DW7cWZIV3Tt/qrxedzoas7tzj.aRIUreb8WawmsdUkovq0y,147534748
559,11,Y5N=j>Naxr=MZ3*j,$2a$11$Ik22j9DW7cWZIV3Tt/qrxedzoas7tzj.aRIUreb8WawmsdUkovq0y,150676881
560,11,Y5N=j>Naxr=MZ3*j,$2a$11$Ik22j9DW7cWZIV3Tt/qrxedzoas7tzj.aRIUreb8WawmsdUkovq0y,150064905
561,11,Y5N=j>Naxr=MZ3*j,$2a$11$Ik22j9DW7cWZIV3Tt/qrxedzoas7tzj.aRIUreb8WawmsdUkovq0y,149892035
562,11,Y5N=j>Naxr=MZ3*j,$2a$11$Ik22j9DW7cWZIV3Tt/qrxedzoas7tzj.aRIUreb8WawmsdUkovq0y,163461719
563,11,Y5N=j>Naxr=MZ3*j,$2a$11$Ik22j9DW7cWZIV3Tt/qrxedzoas7tzj.aRIUreb8WawmsdUkovq0y,149263588
564,11,Y5N=j>Naxr=MZ3*j,$2a$11$Ik22j9DW7cWZIV3Tt/qrxedzoas7tzj.aRIUreb8WawmsdUkovq0y,147403994
565,11,Y5N=j>Naxr=MZ3*j,$2a$11$Ik22j9DW7cWZIV3Tt/qrxedzoas7tzj.aRIUreb8WawmsdUkovq0y,146406676
566,11,Y5N=j>Naxr=MZ3*j,$2a$11$Ik22j9DW7cWZIV3Tt/qrxedzoas7tzj.aRIUreb8WawmsdUkovq0y,145322932
567,11,Y5N=j>Naxr=MZ3*j,$2a$11$Ik22j9DW7cWZIV3Tt/qrxedzoas7tzj.aRIUreb8WawmsdUkovq0y,143719193
568,11,Y5N=j>Naxr=MZ3*j,$2a$11$Ik22j9DW7cWZIV3Tt/qrxedzoas7tzj.aRIUreb8WawmsdUkovq0y,148947207
569,11,Y5N=j>Naxr=MZ3*j,$2a$11$Ik22j9DW7cWZIV3Tt/qrxedzoas7tzj.aRIUreb8WawmsdUkovq0y,152386592
570,11,Y5N=j>Naxr=MZ3*j,$2a$11$Ik22j9DW7cWZIV3Tt/qrxedzoas7tzj.aRIUreb8WawmsdUkovq0y,148011276
571,11,Y5N=j>Naxr=MZ3*j,$2a$11$Ik22j9DW7cWZIV3Tt/qrxedzoas7tzj.aRIUreb8WawmsdUkovq0y,146502760
572,11,Y5N=j>Naxr=MZ3*j,$2a$11$Ik22j9DW7cWZIV3Tt/qrxedzoas7tzj.aRIUreb8WawmsdUkovq0y,146303701
573,11,Y5N=j>Naxr=MZ3*j,$2a$11$Ik22j9DW7cWZIV3Tt/qrxedzoas7tzj.aRIUreb8WawmsdUkovq0y,147828071
574,11,Y5N=j>Naxr=MZ3*j,$2a$11$Ik22j9DW7cWZIV3Tt/qrxedzoas7tzj.aRIUreb8WawmsdUkovq0y,149771112
575,11,Y5N=j>Naxr=MZ3*j,$2a$11$Ik22j9DW7cWZIV3Tt/qrxedzoas7tzj.aRIUreb8WawmsdUkovq0y,156195926
576,11,Y5N=j>Naxr=MZ3*j,$2a$11$Ik22j9DW7cWZIV3Tt/qrxedzoas7tzj.aRIUreb8WawmsdUkovq0y,150761052
577,11,Y5N=j>Naxr=MZ3*j,$2a$11$Ik22j9DW7cWZIV3Tt/qrxedzoas7tzj.aRIUreb8WawmsdUkovq0y,147229454
578,11,Y5N=j>Naxr=MZ3*j,$2a$11$Ik22j9DW7cWZIV3Tt/qrxedzoas7tzj.aRIUreb8WawmsdUkovq0y,147417494
579,11,Y5N=j>Naxr=MZ3*j,$2a$11$Ik22j9DW7cWZIV3Tt/qrxedzoas7tzj.aRIUreb8WawmsdUkovq0y,147181523
580,11,Y5N=j>Naxr=MZ3*j,$2a$11$Ik22j9DW7cWZIV3Tt/qrxedzoas7tzj.aRIUreb8WawmsdUkovq0y,152644721
581,11,Y5N=j>Naxr=MZ3*j,$2a$11$Ik22j9DW7cWZIV3Tt/qrxedzoas7tzj.aRIUreb8WawmsdUkovq0y,152519090
582,11,Y5N=j>Naxr=MZ3*j,$2a$11$Ik22j9DW7cWZIV3Tt/qrxedzoas7tzj.aRIUreb8WawmsdUkovq0y,147102956
583,11,Y5N=j>Naxr=MZ3*j,$2a$11$Ik22j9DW7cWZIV3Tt/qrxedzoas7tzj.aRIUreb8WawmsdUkovq0y,147744701
584,11,Y5N=j>Naxr=MZ3*j,$2a$11$Ik22j9DW7cWZIV3Tt/qrxedzoas7tzj.aRIUreb8WawmsdUkovq0y,145457652
585,11,Y5N=j>Naxr=MZ3*j,$2a$11$Ik22j9DW7cWZIV3Tt/qrxedzoas7tzj.aRIUreb8WawmsdUkovq0y,146634651
586,11,Y5N=j>Naxr=MZ3*j,$2a$11$Ik22j9DW7cWZIV3Tt/qrxedzoas7tzj.aRIUreb8WawmsdUkovq0y,145166610
587,11,Y5N=j>Naxr=MZ3*j,$2a$11$Ik22j9DW7cWZIV3Tt/qrxedzoas7tzj.aRIUreb8WawmsdUkovq0y,147795118
588,11,Y5N=j>Naxr=MZ3*j,$2a$11$Ik22j9DW7cWZIV3Tt/qrxedzoas7tzj.aRIUreb8WawmsdUkovq0y,145632197
589,11,Y5N=j>Naxr=MZ3*j,$2a$11$Ik22j9DW7cWZIV3Tt/qrxedzoas7tzj.aRIUreb8WawmsdUkovq0y,149394200
590,11,Y5N=j>Naxr=MZ3*j,$2a$11$Ik22j9DW7cWZIV3Tt/qrxedzoas7tzj.aRIUreb8WawmsdUkovq0y,146750655
591,11,Y5N=j>Naxr=MZ3*j,$2a$11$Ik22j9DW7cWZIV3Tt/qrxedzoas7tzj.aRIUreb8WawmsdUkovq0y,150593600
592,11,Y5N=j>Naxr=MZ3*j,$2a$11$Ik22j9DW7cWZIV3Tt/qrxedzoas7tzj.aRIUreb8WawmsdUkovq0y,151253062
593,11,Y5N=j>Naxr=MZ3*j,$2a$11$Ik22j9DW7cWZIV3Tt/qrxedzoas7tzj.aRIUreb8WawmsdUkovq0y,147269993
594,11,Y5N=j>Naxr=MZ3*j,$2a$11$Ik22j9DW7cWZIV3Tt/qrxedzoas7tzj.aRIUreb8WawmsdUkovq0y,149473147
595,11,Y5N=j>Naxr=MZ3*j,$2a$11$Ik22j9DW7cWZIV3Tt/qrxedzoas7tzj.aRIUreb8WawmsdUkovq0y,146554538
596,11,Y5N=j>Naxr=MZ3*j,$2a$11$Ik22j9DW7cWZIV3Tt/qrxedzoas7tzj.aRIUreb8WawmsdUkovq0y,146296999
597,11,Y5N=j>Naxr=MZ3*j,$2a$11$Ik22j9DW7cWZIV3Tt/qrxedzoas7tzj.aRIUreb8WawmsdUkovq0y,145083745
598,11,Y5N=j>Naxr=MZ3*j,$2a$11$Ik22j9DW7cWZIV3Tt/qrxedzoas7tzj.aRIUreb8WawmsdUkovq0y,146615580
599,11,Y5N=j>Naxr=MZ3*j,$2a$11$Ik22j9DW7cWZIV3Tt/qrxedzoas7tzj.aRIUreb8WawmsdUkovq0y,144694811
600,11,Y5N=j>Naxr=MZ3*j,$2a$11$Ik22j9DW7cWZIV3Tt/qrxedzoas7tzj.aRIUreb8WawmsdUkovq0y,153135776
601,11,Y5N=j>Naxr=MZ3*j,$2a$11$Ik22j9DW7cWZIV3Tt/qrxedzoas7tzj.aRIUreb8WawmsdUkovq0y,143799748
602,11,Y5N=j>Naxr=MZ3*j,$2a$11$Ik22j9DW7cWZIV3Tt/qrxedzoas7tzj.aRIUreb8WawmsdUkovq0y,153403568
603,11,Y5N=j>Naxr=MZ3*j,$2a$11$Ik22j9DW7cWZIV3Tt/qrxedzoas7tzj.aRIUreb8WawmsdUkovq0y,150263175
604,11,Y5N=j>Naxr=MZ3*j,$2a$11$Ik22j9DW7cWZIV3Tt/qrxedzoas7tzj.aRIUreb8WawmsdUkovq0y,149425139
605,11,Y5N=j>Naxr=MZ3*j,$2a$11$Ik22j9DW7cWZIV3Tt/qrxedzoas7tzj.aRIUreb8WawmsdUkovq0y,148674176
606,11,Y5N=j>Naxr=MZ3*j,$2a$11$Ik22j9DW7cWZIV3Tt/qrxedzoas7tzj.aRIUreb8WawmsdUkovq0y,148574566
607,11,Y5N=j>Naxr=MZ3*j,$2a$11$Ik22j9DW7cWZIV3Tt/qrxedzoas7tzj.aRIUreb8WawmsdUkovq0y,147453870
608,11,Y5N=j>Naxr=MZ3*j,$2a$11$Ik22j9DW7cWZIV3Tt/qrxedzoas7tzj.aRIUreb8WawmsdUkovq0y,147297724
609,11,Y5N=j>Naxr=MZ3*j,$2a$11$Ik22j9DW7cWZIV3Tt/qrxedzoas7tzj.aRIUreb8WawmsdUkovq0y,143803448
610,11,Y5N=j>Naxr=MZ3*j,$2a$11$Ik22j9DW7cWZIV3Tt/qrxedzoas7tzj.aRIUreb8WawmsdUkovq0y,148175397
611,11,Y5N=j>Naxr=MZ3*j,$2a$11$Ik22j9DW7cWZIV3Tt/qrxedzoas7tzj.aRIUreb8WawmsdUkovq0y,146986953
612,11,Y5N=j>Naxr=MZ3*j,$2a$11$Ik22j9DW7cWZIV3Tt/qrxedzoas7tzj.aRIUreb8WawmsdUkovq0y,146499232
613,11,Y5N=j>Naxr=MZ3*j,$2a$11$Ik22j9DW7cWZIV3Tt/qrxedzoas7tzj.aRIUreb8WawmsdUkovq0y,144944251
614,11,Y5N=j>Naxr=MZ3*j,$2a$11$Ik22j9DW7cWZIV3Tt/qrxedzoas7tzj.aRIUreb8WawmsdUkovq0y,147089378
615,11,Y5N=j>Naxr=MZ3*j,$2a$11$Ik22j9DW7cWZIV3Tt/qrxedzoas7tzj.aRIUreb8WawmsdUkovq0y,144635511
616,11,Y5N=j>Naxr=MZ3*j,$2a$11$Ik22j9DW7cWZIV3Tt/qrxedzoas7tzj.aRIUreb8WawmsdUkovq0y,148746207
617,11,Y5N=j>Naxr=MZ3*j,$2a$11$Ik22j9DW7cWZIV3Tt/qrxedzoas7tzj.aRIUreb8WawmsdUkovq0y,148825485
618,11,Y5N=j>Naxr=MZ3*j,$2a$11$Ik22j9DW7cWZIV3Tt/qrxedzoas7tzj.aRIUreb8WawmsdUkovq0y,147531162
619,11,Y5N=j>Naxr=MZ3*j,$2a$11$Ik22j9DW7cWZIV3Tt/qrxedzoas7tzj.aRIUreb8WawmsdUkovq0y,147606410
620,11,Y5N=j>Naxr=MZ3*j,$2a$11$Ik22j9DW7cWZIV3Tt/qrxedzoas7tzj.aRIUreb8WawmsdUkovq0y,147040410
621,11,Y5N=j>Naxr=MZ3*j,$2a$11$Ik22j9DW7cWZIV3Tt/qrxedzoas7tzj.aRIUreb8WawmsdUkovq0y,148127274
622,11,Y5N=j>Naxr=MZ3*j,$2a$11$Ik22j9DW7cWZIV3Tt/qrxedzoas7tzj.aRIUreb8WawmsdUkovq0y,149238184
623,11,Y5N=j>Naxr=MZ3*j,$2a$11$Ik22j9DW7cWZIV3Tt/qrxedzoas7tzj.aRIUreb8WawmsdUkovq0y,142538385
624,11,Y5N=j>Naxr=MZ3*j,$2a$11$Ik22j9DW7cWZIV3Tt/qrxedzoas7tzj.aRIUreb8WawmsdUkovq0y,143452731
625,11,Y5N=j>Naxr=MZ3*j,$2a$11$Ik22j9DW7cWZIV3Tt/qrxedzoas7tzj.aRIUreb8WawmsdUkovq0y,154336150
626,11,Y5N=j>Naxr=MZ3*j,$2a$11$Ik22j9DW7cWZIV3Tt/qrxedzoas7tzj.aRIUreb8WawmsdUkovq0y,145638464
627,11,Y5N=j>Naxr=MZ3*j,$2a$11$Ik22j9DW7cWZIV3Tt/qrxedzoas7tzj.aRIUreb8WawmsdUkovq0y,148668689
628,11,Y5N=j>Naxr=MZ3*j,$2a$11$Ik22j9DW7cWZIV3Tt/qrxedzoas7tzj.aRIUreb8WawmsdUkovq0y,149031353
629,11,Y5N=j>Naxr=MZ3*j,$2a$11$Ik22j9DW7cWZIV3Tt/qrxedzoas7tzj.aRIUreb8WawmsdUkovq0y,149405179
630,11,Y5N=j>Naxr=MZ3*j,$2a$11$Ik22j9DW7cWZIV3Tt/qrxedzoas7tzj.aRIUreb8WawmsdUkovq0y,151628200
631,11,Y5N=j>Naxr=MZ3*j,$2a$11$Ik22j9DW7cWZIV3Tt/qrxedzoas7tzj.aRIUreb8WawmsdUkovq0y,147400052
632,11,Y5N=j>Naxr=MZ3*j,$2a$11$Ik22j9DW7cWZIV3Tt/qrxedzoas7tzj.aRIUreb8WawmsdUkovq0y,153140228
633,11,Y5N=j>Naxr=MZ3*j,$2a$11$Ik22j9DW7cWZIV3Tt/qrxedzoas7tzj.aRIUreb8WawmsdUkovq0y,149941613
634,11,Y5N=j>Naxr=MZ3*j,$2a$11$Ik22j9DW7cWZIV3Tt/qrxedzoas7tzj.aRIUreb8WawmsdUkovq0y,146034381
635,11,Y5N=j>Naxr=MZ3*j,$2a$11$Ik22j9DW7cWZIV3Tt/qrxedzoas7tzj.aRIUreb8WawmsdUkovq0y,147866213
636,11,Y5N=j>Naxr=MZ3*j,$2a$11$Ik22j9DW7cWZIV3Tt/qrxedzoas7tzj.aRIUreb8WawmsdUkovq0y,148398627
637,11,Y5N=j>Naxr=MZ3*j,$2a$11$Ik22j9DW7cWZIV3Tt/qrxedzoas7tzj.aRIUreb8WawmsdUkovq0y,150379274
638,11,Y5N=j>Naxr=MZ3*j,$2a$11$Ik22j9DW7cWZIV3Tt/qrxedzoas7tzj.aRIUreb8WawmsdUkovq0y,146913382
639,11,Y5N=j>Naxr=MZ3*j,$2a$11$Ik22j9DW7cWZIV3Tt/qrxedzoas7tzj.aRIUreb8WawmsdUkovq0y,147408971
640,11,Y5N=j>Naxr=MZ3*j,$2a$11$Ik22j9DW7cWZIV3Tt/qrxedzoas7tzj.aRIUreb8WawmsdUkovq0y,144399716
641,11,Y5N=j>Naxr=MZ3*j,$2a$11$Ik22j9DW7cWZIV3Tt/qrxedzoas7tzj.aRIUreb8WawmsdUkovq0y,146522009
642,11,Y5N=j>Naxr=MZ3*j,$2a$11$Ik22j9DW7cWZIV3Tt/qrxedzoas7tzj.aRIUreb8WawmsdUkovq0y,146596977
643,11,Y5N=j>Naxr=MZ3*j,$2a$11$Ik22j9DW7cWZIV3Tt/qrxedzoas7tzj.aRIUreb8WawmsdUkovq0y,148261071
644,11,Y5N=j>Naxr=MZ3*j,$2a$11$Ik22j9DW7cWZIV3Tt/qrxedzoas7tzj.aRIUreb8WawmsdUkovq0y,151157825
645,11,Y5N=j>Naxr=MZ3*j,$2a$11$Ik22j9DW7cWZIV3Tt/qrxedzoas7tzj.aRIUreb8WawmsdUkovq0y,147082174
646,11,Y5N=j>Naxr=MZ3*j,$2a$11$Ik22j9DW7cWZIV3Tt/qrxedzoas7tzj.aRIUreb8WawmsdUkovq0y,146834856
647,11,Y5N=j>Naxr=MZ3*j,$2a$11$Ik22j9DW7cWZIV3Tt/qrxedzoas7tzj.aRIUreb8WawmsdUkovq0y,149146883
648,11,Y5N=j>Naxr=MZ3*j,$2a$11$Ik22j9DW7cWZIV3Tt/qrxedzoas7tzj.aRIUreb8WawmsdUkovq0y,149100876
649,11,Y5N=j>Naxr=MZ3*j,$2a$11$Ik22j9DW7cWZIV3Tt/qrxedzoas7tzj.aRIUreb8WawmsdUkovq0y,148336999
650,11,Y5N=j>Naxr=MZ3*j,$2a$11$Ik22j9DW7cWZIV3Tt/qrxedzoas7tzj.aRIUreb8WawmsdUkovq0y,158239043
651,11,Y5N=j>Naxr=MZ3*j,$2a$11$Ik22j9DW7cWZIV3Tt/qrxedzoas7tzj.aRIUreb8WawmsdUkovq0y,149947366
652,11,Y5N=j>Naxr=MZ3*j,$2a$11$Ik22j9DW7cWZIV3Tt/qrxedzoas7tzj.aRIUreb8WawmsdUkovq0y,151777158
653,11,Y5N=j>Naxr=MZ3*j,$2a$11$Ik22j9DW7cWZIV3Tt/qrxedzoas7tzj.aRIUreb8WawmsdUkovq0y,149255138
654,11,Y5N=j>Naxr=MZ3*j,$2a$11$Ik22j9DW7cWZIV3Tt/qrxedzoas7tzj.aRIUreb8WawmsdUkovq0y,145212013
655,11,Y5N=j>Naxr=MZ3*j,$2a$11$Ik22j9DW7cWZIV3Tt/qrxedzoas7tzj.aRIUreb8WawmsdUkovq0y,147687207
656,11,Y5N=j>Naxr=MZ3*j,$2a$11$Ik22j9DW7cWZIV3Tt/qrxedzoas7tzj.aRIUreb8WawmsdUkovq0y,156872454
657,11,Y5N=j>Naxr=MZ3*j,$2a$11$Ik22j9DW7cWZIV3Tt/qrxedzoas7tzj.aRIUreb8WawmsdUkovq0y,150479165
658,11,Y5N=j>Naxr=MZ3*j,$2a$11$Ik22j9DW7cWZIV3Tt/qrxedzoas7tzj.aRIUreb8WawmsdUkovq0y,147330259
659,11,Y5N=j>Naxr=MZ3*j,$2a$11$Ik22j9DW7cWZIV3Tt/qrxedzoas7tzj.aRIUreb8WawmsdUkovq0y,154040450
660,11,Y5N=j>Naxr=MZ3*j,$2a$11$Ik22j9DW7cWZIV3Tt/qrxedzoas7tzj.aRIUreb8WawmsdUkovq0y,154559376
661,11,Y5N=j>Naxr=MZ3*j,$2a$11$Ik22j9DW7cWZIV3Tt/qrxedzoas7tzj.aRIUreb8WawmsdUkovq0y,177827187
662,11,Y5N=j>Naxr=MZ3*j,$2a$11$Ik22j9DW7cWZIV3Tt/qrxedzoas7tzj.aRIUreb8WawmsdUkovq0y,149591624
663,11,Y5N=j>Naxr=MZ3*j,$2a$11$Ik22j9DW7cWZIV3Tt/qrxedzoas7tzj.aRIUreb8WawmsdUkovq0y,149080785
664,11,Y5N=j>Naxr=MZ3*j,$2a$11$Ik22j9DW7cWZIV3Tt/qrxedzoas7tzj.aRIUreb8WawmsdUkovq0y,148984326
665,11,Y5N=j>Naxr=MZ3*j,$2a$11$Ik22j9DW7cWZIV3Tt/qrxedzoas7tzj.aRIUreb8WawmsdUkovq0y,147807064
666,11,Y5N=j>Naxr=MZ3*j,$2a$11$Ik22j9DW7cWZIV3Tt/qrxedzoas7tzj.aRIUreb8WawmsdUkovq0y,164567542
667,11,Y5N=j>Naxr=MZ3*j,$2a$11$Ik22j9DW7cWZIV3Tt/qrxedzoas7tzj.aRIUreb8WawmsdUkovq0y,146579049
668,11,Y5N=j>Naxr=MZ3*j,$2a$11$Ik22j9DW7cWZIV3Tt/qrxedzoas7tzj.aRIUreb8WawmsdUkovq0y,148258632
669,11,Y5N=j>Naxr=MZ3*j,$2a$11$Ik22j9DW7cWZIV3Tt/qrxedzoas7tzj.aRIUreb8WawmsdUkovq0y,151587957
670,11,Y5N=j>Naxr=MZ3*j,$2a$11$Ik22j9DW7cWZIV3Tt/qrxedzoas7tzj.aRIUreb8WawmsdUkovq0y,148185600
671,11,Y5N=j>Naxr=MZ3*j,$2a$11$Ik22j9DW7cWZIV3Tt/qrxedzoas7tzj.aRIUreb8WawmsdUkovq0y,146815336
672,11,Y5N=j>Naxr=MZ3*j,$2a$11$Ik22j9DW7cWZIV3Tt/qrxedzoas7tzj.aRIUreb8WawmsdUkovq0y,145488735
673,11,Y5N=j>Naxr=MZ3*j,$2a$11$Ik22j9DW7cWZIV3Tt/qrxedzoas7tzj.aRIUreb8WawmsdUkovq0y,145573867
674,11,Y5N=j>Naxr=MZ3*j,$2a$11$Ik22j9DW7cWZIV3Tt/qrxedzoas7tzj.aRIUreb8WawmsdUkovq0y,149184483
675,11,Y5N=j>Naxr=MZ3*j,$2a$11$Ik22j9DW7cWZIV3Tt/qrxedzoas7tzj.aRIUreb8WawmsdUkovq0y,145053010
676,11,Y5N=j>Naxr=MZ3*j,$2a$11$Ik22j9DW7cWZIV3Tt/qrxedzoas7tzj.aRIUreb8WawmsdUkovq0y,145546819
677,11,Y5N=j>Naxr=MZ3*j,$2a$11$Ik22j9DW7cWZIV3Tt/qrxedzoas7tzj.aRIUreb8WawmsdUkovq0y,148025372
678,11,Y5N=j>Naxr=MZ3*j,$2a$11$Ik22j9DW7cWZIV3Tt/qrxedzoas7tzj.aRIUreb8WawmsdUkovq0y,148719766
679,11,Y5N=j>Naxr=MZ3*j,$2a$11$Ik22j9DW7cWZIV3Tt/qrxedzoas7tzj.aRIUreb8WawmsdUkovq0y,147895664
680,11,Y5N=j>Naxr=MZ3*j,$2a$11$Ik22j9DW7cWZIV3Tt/qrxedzoas7tzj.aRIUreb8WawmsdUkovq0y,150095319
681,11,Y5N=j>Naxr=MZ3*j,$2a$11$Ik22j9DW7cWZIV3Tt/qrxedzoas7tzj.aRIUreb8WawmsdUkovq0y,149499349
682,11,Y5N=j>Naxr=MZ3*j,$2a$11$Ik22j9DW7cWZIV3Tt/qrxedzoas7tzj.aRIUreb8WawmsdUkovq0y,154686430
683,11,Y5N=j>Naxr=MZ3*j,$2a$11$Ik22j9DW7cWZIV3Tt/qrxedzoas7tzj.aRIUreb8WawmsdUkovq0y,155983516
684,11,Y5N=j>Naxr=MZ3*j,$2a$11$Ik22j9DW7cWZIV3Tt/qrxedzoas7tzj.aRIUreb8WawmsdUkovq0y,152309330
685,11,Y5N=j>Naxr=MZ3*j,$2a$11$Ik22j9DW7cWZIV3Tt/qrxedzoas7tzj.aRIUreb8WawmsdUkovq0y,156268212
686,11,Y5N=j>Naxr=MZ3*j,$2a$11$Ik22j9DW7cWZIV3Tt/qrxedzoas7tzj.aRIUreb8WawmsdUkovq0y,153773103
687,11,Y5N=j>Naxr=MZ3*j,$2a$11$Ik22j9DW7cWZIV3Tt/qrxedzoas7tzj.aRIUreb8WawmsdUkovq0y,153739649
688,11,Y5N=j>Naxr=MZ3*j,$2a$11$Ik22j9DW7cWZIV3Tt/qrxedzoas7tzj.aRIUreb8WawmsdUkovq0y,154173040
689,11,Y5N=j>Naxr=MZ3*j,$2a$11$Ik22j9DW7cWZIV3Tt/qrxedzoas7tzj.aRIUreb8WawmsdUkovq0y,156903434
690,11,Y5N=j>Naxr=MZ3*j,$2a$11$Ik22j9DW7cWZIV3Tt/qrxedzoas7tzj.aRIUreb8WawmsdUkovq0y,156765842
691,11,Y5N=j>Naxr=MZ3*j,$2a$11$Ik22j9DW7cWZIV3Tt/qrxedzoas7tzj.aRIUreb8WawmsdUkovq0y,152032345
692,11,Y5N=j>Naxr=MZ3*j,$2a$11$Ik22j9DW7cWZIV3Tt/qrxedzoas7tzj.aRIUreb8WawmsdUkovq0y,153430575
693,11,Y5N=j>Naxr=MZ3*j,$2a$11$Ik22j9DW7cWZIV3Tt/qrxedzoas7tzj.aRIUreb8WawmsdUkovq0y,155298429
694,11,Y5N=j>Naxr=MZ3*j,$2a$11$Ik22j9DW7cWZIV3Tt/qrxedzoas7tzj.aRIUreb8WawmsdUkovq0y,154338500
695,11,Y5N=j>Naxr=MZ3*j,$2a$11$Ik22j9DW7cWZIV3Tt/qrxedzoas7tzj.aRIUreb8WawmsdUkovq0y,150150099
696,11,Y5N=j>Naxr=MZ3*j,$2a$11$Ik22j9DW7cWZIV3Tt/qrxedzoas7tzj.aRIUreb8WawmsdUkovq0y,154561994
697,11,Y5N=j>Naxr=MZ3*j,$2a$11$Ik22j9DW7cWZIV3Tt/qrxedzoas7tzj.aRIUreb8WawmsdUkovq0y,153924935
698,11,Y5N=j>Naxr=MZ3*j,$2a$11$Ik22j9DW7cWZIV3Tt/qrxedzoas7tzj.aRIUreb8WawmsdUkovq0y,149960525
699,11,Y5N=j>Naxr=MZ3*j,$2a$11$Ik22j9DW7cWZIV3Tt/qrxedzoas7tzj.aRIUreb8WawmsdUkovq0y,154646196
700,11,Y5N=j>Naxr=MZ3*j,$2a$11$Ik22j9DW7cWZIV3Tt/qrxedzoas7tzj.aRIUreb8WawmsdUkovq0y,155767397
701,11,Y5N=j>Naxr=MZ3*j,$2a$11$Ik22j9DW7cWZIV3Tt/qrxedzoas7tzj.aRIUreb8WawmsdUkovq0y,150818100
702,11,Y5N=j>Naxr=MZ3*j,$2a$11$Ik22j9DW7cWZIV3Tt/qrxedzoas7tzj.aRIUreb8WawmsdUkovq0y,154686967
703,11,Y5N=j>Naxr=MZ3*j,$2a$11$Ik22j9DW7cWZIV3Tt/qrxedzoas7tzj.aRIUreb8WawmsdUkovq0y,152660633
704,11,Y5N=j>Naxr=MZ3*j,$2a$11$Ik22j9DW7cWZIV3Tt/qrxedzoas7tzj.aRIUreb8WawmsdUkovq0y,153315062
705,11,Y5N=j>Naxr=MZ3*j,$2a$11$Ik22j9DW7cWZIV3Tt/qrxedzoas7tzj.aRIUreb8WawmsdUkovq0y,151630869
706,11,Y5N=j>Naxr=MZ3*j,$2a$11$Ik22j9DW7cWZIV3Tt/qrxedzoas7tzj.aRIUreb8WawmsdUkovq0y,153088982
707,11,Y5N=j>Naxr=MZ3*j,$2a$11$Ik22j9DW7cWZIV3Tt/qrxedzoas7tzj.aRIUreb8WawmsdUkovq0y,155782311
708,11,Y5N=j>Naxr=MZ3*j,$2a$11$Ik22j9DW7cWZIV3Tt/qrxedzoas7tzj.aRIUreb8WawmsdUkovq0y,155557119
709,11,Y5N=j>Naxr=MZ3*j,$2a$11$Ik22j9DW7cWZIV3Tt/qrxedzoas7tzj.aRIUreb8WawmsdUkovq0y,179537167
710,11,Y5N=j>Naxr=MZ3*j,$2a$11$Ik22j9DW7cWZIV3Tt/qrxedzoas7tzj.aRIUreb8WawmsdUkovq0y,169269295
711,11,Y5N=j>Naxr=MZ3*j,$2a$11$Ik22j9DW7cWZIV3Tt/qrxedzoas7tzj.aRIUreb8WawmsdUkovq0y,154780699
712,11,Y5N=j>Naxr=MZ3*j,$2a$11$Ik22j9DW7cWZIV3Tt/qrxedzoas7tzj.aRIUreb8WawmsdUkovq0y,152692742
713,11,Y5N=j>Naxr=MZ3*j,$2a$11$Ik22j9DW7cWZIV3Tt/qrxedzoas7tzj.aRIUreb8WawmsdUkovq0y,153201308
714,11,Y5N=j>Naxr=MZ3*j,$2a$11$Ik22j9DW7cWZIV3Tt/qrxedzoas7tzj.aRIUreb8WawmsdUkovq0y,152911826
715,11,Y5N=j>Naxr=MZ3*j,$2a$11$Ik22j9DW7cWZIV3Tt/qrxedzoas7tzj.aRIUreb8WawmsdUkovq0y,153594152
716,11,Y5N=j>Naxr=MZ3*j,$2a$11$Ik22j9DW7cWZIV3Tt/qrxedzoas7tzj.aRIUreb8WawmsdUkovq0y,150882798
717,11,Y5N=j>Naxr=MZ3*j,$2a$11$Ik22j9DW7cWZIV3Tt/qrxedzoas7tzj.aRIUreb8WawmsdUkovq0y,154642877
718,11,Y5N=j>Naxr=MZ3*j,$2a$11$Ik22j9DW7cWZIV3Tt/qrxedzoas7tzj.aRIUreb8WawmsdUkovq0y,152326177
719,11,Y5N=j>Naxr=MZ3*j,$2a$11$Ik22j9DW7cWZIV3Tt/qrxedzoas7tzj.aRIUreb8WawmsdUkovq0y,152294981
720,11,Y5N=j>Naxr=MZ3*j,$2a$11$Ik22j9DW7cWZIV3Tt/qrxedzoas7tzj.aRIUreb8WawmsdUkovq0y,157683737
721,11,Y5N=j>Naxr=MZ3*j,$2a$11$Ik22j9DW7cWZIV3Tt/qrxedzoas7tzj.aRIUreb8WawmsdUkovq0y,154676314
722,11,Y5N=j>Naxr=MZ3*j,$2a$11$Ik22j9DW7cWZIV3Tt/qrxedzoas7tzj.aRIUreb8WawmsdUkovq0y,158550390
723,11,Y5N=j>Naxr=MZ3*j,$2a$11$Ik22j9DW7cWZIV3Tt/qrxedzoas7tzj.aRIUreb8WawmsdUkovq0y,161165701
724,11,Y5N=j>Naxr=MZ3*j,$2a$11$Ik22j9DW7cWZIV3Tt/qrxedzoas7tzj.aRIUreb8WawmsdUkovq0y,178178018
725,11,Y5N=j>Naxr=MZ3*j,$2a$11$Ik22j9DW7cWZIV3Tt/qrxedzoas7tzj.aRIUreb8WawmsdUkovq0y,158615706
726,11,Y5N=j>Naxr=MZ3*j,$2a$11$Ik22j9DW7cWZIV3Tt/qrxedzoas7tzj.aRIUreb8WawmsdUkovq0y,158277977
727,11,Y5N=j>Naxr=MZ3*j,$2a$11$Ik22j9DW7cWZIV3Tt/qrxedzoas7tzj.aRIUreb8WawmsdUkovq0y,159845697
728,11,Y5N=j>Naxr=MZ3*j,$2a$11$Ik22j9DW7cWZIV3Tt/qrxedzoas7tzj.aRIUreb8WawmsdUkovq0y,151953566
729,11,Y5N=j>Naxr=MZ3*j,$2a$11$Ik22j9DW7cWZIV3Tt/qrxedzoas7tzj.aRIUreb8WawmsdUkovq0y,151229269
730,11,Y5N=j>Naxr=MZ3*j,$2a$11$Ik22j9DW7cWZIV3Tt/qrxedzoas7tzj.aRIUreb8WawmsdUkovq0y,157253561
731,11,Y5N=j>Naxr=MZ3*j,$2a$11$Ik22j9DW7cWZIV3Tt/qrxedzoas7tzj.aRIUreb8WawmsdUkovq0y,152733151
732,11,Y5N=j>Naxr=MZ3*j,$2a$11$Ik22j9DW7cWZIV3Tt/qrxedzoas7tzj.aRIUreb8WawmsdUkovq0y,153157674
733,11,Y5N=j>Naxr=MZ3*j,$2a$11$Ik22j9DW7cWZIV3Tt/qrxedzoas7tzj.aRIUreb8WawmsdUkovq0y,152730284
734,11,Y5N=j>Naxr=MZ3*j,$2a$11$Ik22j9DW7cWZIV3Tt/qrxedzoas7tzj.aRIUreb8WawmsdUkovq0y,153568336
735,11,Y5N=j>Naxr=MZ3*j,$2a$11$Ik22j9DW7cWZIV3Tt/qrxedzoas7tzj.aRIUreb8WawmsdUkovq0y,153952008
736,11,Y5N=j>Naxr=MZ3*j,$2a$11$Ik22j9DW7cWZIV3Tt/qrxedzoas7tzj.aRIUreb8WawmsdUkovq0y,154095815
737,11,Y5N=j>Naxr=MZ3*j,$2a$11$Ik22j9DW7cWZIV3Tt/qrxedzoas7tzj.aRIUreb8WawmsdUkovq0y,151982869
738,11,Y5N=j>Naxr=MZ3*j,$2a$11$Ik22j9DW7cWZIV3Tt/qrxedzoas7tzj.aRIUreb8WawmsdUkovq0y,157197379
739,11,Y5N=j>Naxr=MZ3*j,$2a$11$Ik22j9DW7cWZIV3Tt/qrxedzoas7tzj.aRIUreb8WawmsdUkovq0y,156917034
740,11,Y5N=j>Naxr=MZ3*j,$2a$11$Ik22j9DW7cWZIV3Tt/qrxedzoas7tzj.aRIUreb8WawmsdUkovq0y,161830654
741,11,Y5N=j>Naxr=MZ3*j,$2a$11$Ik22j9DW7cWZIV3Tt/qrxedzoas7tzj.aRIUreb8WawmsdUkovq0y,152936848
742,11,Y5N=j>Naxr=MZ3*j,$2a$11$Ik22j9DW7cWZIV3Tt/qrxedzoas7tzj.aRIUreb8WawmsdUkovq0y,159357640
743,11,Y5N=j>Naxr=MZ3*j,$2a$11$Ik22j9DW7cWZIV3Tt/qrxedzoas7tzj.aRIUreb8WawmsdUkovq0y,156928972
744,11,Y5N=j>Naxr=MZ3*j,$2a$11$Ik22j9DW7cWZIV3Tt/qrxedzoas7tzj.aRIUreb8WawmsdUkovq0y,157849370
745,11,Y5N=j>Naxr=MZ3*j,$2a$11$Ik22j9DW7cWZIV3Tt/qrxedzoas7tzj.aRIUreb8WawmsdUkovq0y,164849897
746,11,Y5N=j>Naxr=MZ3*j,$2a$11$Ik22j9DW7cWZIV3Tt/qrxedzoas7tzj.aRIUreb8WawmsdUkovq0y,159685990
747,11,Y5N=j>Naxr=MZ3*j,$2a$11$Ik22j9DW7cWZIV3Tt/qrxedzoas7tzj.aRIUreb8WawmsdUkovq0y,158626971
748,11,Y5N=j>Naxr=MZ3*j,$2a$11$Ik22j9DW7cWZIV3Tt/qrxedzoas7tzj.aRIUreb8WawmsdUkovq0y,160590619
749,11,Y5N=j>Naxr=MZ3*j,$2a$11$Ik22j9DW7cWZIV3Tt/qrxedzoas7tzj.aRIUreb8WawmsdUkovq0y,156208376
750,11,Y5N=j>Naxr=MZ3*j,$2a$11$Ik22j9DW7cWZIV3Tt/qrxedzoas7tzj.aRIUreb8WawmsdUkovq0y,151998946
751,11,Y5N=j>Naxr=MZ3*j,$2a$11$Ik22j9DW7cWZIV3Tt/qrxedzoas7tzj.aRIUreb8WawmsdUkovq0y,154879867
752,11,Y5N=j>Naxr=MZ3*j,$2a$11$Ik22j9DW7cWZIV3Tt/qrxedzoas7tzj.aRIUreb8WawmsdUkovq0y,160245445
753,11,Y5N=j>Naxr=MZ3*j,$2a$11$Ik22j9DW7cWZIV3Tt/qrxedzoas7tzj.aRIUreb8WawmsdUkovq0y,174383030
754,11,Y5N=j>Naxr=MZ3*j,$2a$11$Ik22j9DW7cWZIV3Tt/qrxedzoas7tzj.aRIUreb8WawmsdUkovq0y,153372041
755,11,Y5N=j>Naxr=MZ3*j,$2a$11$Ik22j9DW7cWZIV3Tt/qrxedzoas7tzj.aRIUreb8WawmsdUkovq0y,164509082
756,11,Y5N=j>Naxr=MZ3*j,$2a$11$Ik22j9DW7cWZIV3Tt/qrxedzoas7tzj.aRIUreb8WawmsdUkovq0y,166246037
757,11,Y5N=j>Naxr=MZ3*j,$2a$11$Ik22j9DW7cWZIV3Tt/qrxedzoas7tzj.aRIUreb8WawmsdUkovq0y,164204855
758,11,Y5N=j>Naxr=MZ3*j,$2a$11$Ik22j9DW7cWZIV3Tt/qrxedzoas7tzj.aRIUreb8WawmsdUkovq0y,154527560
759,11,Y5N=j>Naxr=MZ3*j,$2a$11$Ik22j9DW7cWZIV3Tt/qrxedzoas7tzj.aRIUreb8WawmsdUkovq0y,154659053
760,11,Y5N=j>Naxr=MZ3*j,$2a$11$Ik22j9DW7cWZIV3Tt/qrxedzoas7tzj.aRIUreb8WawmsdUkovq0y,152557493
761,11,Y5N=j>Naxr=MZ3*j,$2a$11$Ik22j9DW7cWZIV3Tt/qrxedzoas7tzj.aRIUreb8WawmsdUkovq0y,155831757
762,11,Y5N=j>Naxr=MZ3*j,$2a$11$Ik22j9DW7cWZIV3Tt/qrxedzoas7tzj.aRIUreb8WawmsdUkovq0y,157431248
763,11,Y5N=j>Naxr=MZ3*j,$2a$11$Ik22j9DW7cWZIV3Tt/qrxedzoas7tzj.aRIUreb8WawmsdUkovq0y,150228459
764,11,Y5N=j>Naxr=MZ3*j,$2a$11$Ik22j9DW7cWZIV3Tt/qrxedzoas7tzj.aRIUreb8WawmsdUkovq0y,156681247
765,11,Y5N=j>Naxr=MZ3*j,$2a$11$Ik22j9DW7cWZIV3Tt/qrxedzoas7tzj.aRIUreb8WawmsdUkovq0y,163161680
766,11,Y5N=j>Naxr=MZ3*j,$2a$11$Ik22j9DW7cWZIV3Tt/qrxedzoas7tzj.aRIUreb8WawmsdUkovq0y,160613170
767,11,Y5N=j>Naxr=MZ3*j,$2a$11$Ik22j9DW7cWZIV3Tt/qrxedzoas7tzj.aRIUreb8WawmsdUkovq0y,170113551
768,11,Y5N=j>Naxr=MZ3*j,$2a$11$Ik22j9DW7cWZIV3Tt/qrxedzoas7tzj.aRIUreb8WawmsdUkovq0y,156624381
769,11,Y5N=j>Naxr=MZ3*j,$2a$11$Ik22j9DW7cWZIV3Tt/qrxedzoas7tzj.aRIUreb8WawmsdUkovq0y,163574489
770,11,Y5N=j>Naxr=MZ3*j,$2a$11$Ik22j9DW7cWZIV3Tt/qrxedzoas7tzj.aRIUreb8WawmsdUkovq0y,160953430
771,11,Y5N=j>Naxr=MZ3*j,$2a$11$Ik22j9DW7cWZIV3Tt/qrxedzoas7tzj.aRIUreb8WawmsdUkovq0y,155577695
772,11,Y5N=j>Naxr=MZ3*j,$2a$11$Ik22j9DW7cWZIV3Tt/qrxedzoas7tzj.aRIUreb8WawmsdUkovq0y,154211502
773,11,Y5N=j>Naxr=MZ3*j,$2a$11$Ik22j9DW7cWZIV3Tt/qrxedzoas7tzj.aRIUreb8WawmsdUkovq0y,150037456
774,11,Y5N=j>Naxr=MZ3*j,$2a$11$Ik22j9DW7cWZIV3Tt/qrxedzoas7tzj.aRIUreb8WawmsdUkovq0y,152200069
775,11,Y5N=j>Naxr=MZ3*j,$2a$11$Ik22j9DW7cWZIV3Tt/qrxedzoas7tzj.aRIUreb8WawmsdUkovq0y,152041698
776,11,Y5N=j>Naxr=MZ3*j,$2a$11$Ik22j9DW7cWZIV3Tt/qrxedzoas7tzj.aRIUreb8WawmsdUkovq0y,152292181
777,11,Y5N=j>Naxr=MZ3*j,$2a$11$Ik22j9DW7cWZIV3Tt/qrxedzoas7tzj.aRIUreb8WawmsdUkovq0y,153222187
778,11,Y5N=j>Naxr=MZ3*j,$2a$11$Ik22j9DW7cWZIV3Tt/qrxedzoas7tzj.aRIUreb8WawmsdUkovq0y,159094535
779,11,Y5N=j>Naxr=MZ3*j,$2a$11$Ik22j9DW7cWZIV3Tt/qrxedzoas7tzj.aRIUreb8WawmsdUkovq0y,157943138
780,11,Y5N=j>Naxr=MZ3*j,$2a$11$Ik22j9DW7cWZIV3Tt/qrxedzoas7tzj.aRIUreb8WawmsdUkovq0y,154870738
781,11,Y5N=j>Naxr=MZ3*j,$2a$11$Ik22j9DW7cWZIV3Tt/qrxedzoas7tzj.aRIUreb8WawmsdUkovq0y,169632279
782,11,Y5N=j>Naxr=MZ3*j,$2a$11$Ik22j9DW7cWZIV3Tt/qrxedzoas7tzj.aRIUreb8WawmsdUkovq0y,151415276
783,11,Y5N=j>Naxr=MZ3*j,$2a$11$Ik22j9DW7cWZIV3Tt/qrxedzoas7tzj.aRIUreb8WawmsdUkovq0y,150768887
784,11,Y5N=j>Naxr=MZ3*j,$2a$11$Ik22j9DW7cWZIV3Tt/qrxedzoas7tzj.aRIUreb8WawmsdUkovq0y,153816108
785,11,Y5N=j>Naxr=MZ3*j,$2a$11$Ik22j9DW7cWZIV3Tt/qrxedzoas7tzj.aRIUreb8WawmsdUkovq0y,149449417
786,11,Y5N=j>Naxr=MZ3*j,$2a$11$Ik22j9DW7cWZIV3Tt/qrxedzoas7tzj.aRIUreb8WawmsdUkovq0y,154138291
787,11,Y5N=j>Naxr=MZ3*j,$2a$11$Ik22j9DW7cWZIV3Tt/qrxedzoas7tzj.aRIUreb8WawmsdUkovq0y,152039220
788,11,Y5N=j>Naxr=MZ3*j,$2a$11$Ik22j9DW7cWZIV3Tt/qrxedzoas7tzj.aRIUreb8WawmsdUkovq0y,152309366
789,11,Y5N=j>Naxr=MZ3*j,$2a$11$Ik22j9DW7cWZIV3Tt/qrxedzoas7tzj.aRIUreb8WawmsdUkovq0y,154253065
790,11,Y5N=j>Naxr=MZ3*j,$2a$11$Ik22j9DW7cWZIV3Tt/qrxedzoas7tzj.aRIUreb8WawmsdUkovq0y,152424714
791,11,Y5N=j>Naxr=MZ3*j,$2a$11$Ik22j9DW7cWZIV3Tt/qrxedzoas7tzj.aRIUreb8WawmsdUkovq0y,154315705
792,11,Y5N=j>Naxr=MZ3*j,$2a$11$Ik22j9DW7cWZIV3Tt/qrxedzoas7tzj.aRIUreb8WawmsdUkovq0y,154909389
793,11,Y5N=j>Naxr=MZ3*j,$2a$11$Ik22j9DW7cWZIV3Tt/qrxedzoas7tzj.aRIUreb8WawmsdUkovq0y,149289272
794,11,Y5N=j>Naxr=MZ3*j,$2a$11$Ik22j9DW7cWZIV3Tt/qrxedzoas7tzj.aRIUreb8WawmsdUkovq0y,152433055
795,11,Y5N=j>Naxr=MZ3*j,$2a$11$Ik22j9DW7cWZIV3Tt/qrxedzoas7tzj.aRIUreb8WawmsdUkovq0y,156445307
796,11,Y5N=j>Naxr=MZ3*j,$2a$11$Ik22j9DW7cWZIV3Tt/qrxedzoas7tzj.aRIUreb8WawmsdUkovq0y,150509659
797,11,Y5N=j>Naxr=MZ3*j,$2a$11$Ik22j9DW7cWZIV3Tt/qrxedzoas7tzj.aRIUreb8WawmsdUkovq0y,153291375
798,11,Y5N=j>Naxr=MZ3*j,$2a$11$Ik22j9DW7cWZIV3Tt/qrxedzoas7tzj.aRIUreb8WawmsdUkovq0y,151083773
799,11,Y5N=j>Naxr=MZ3*j,$2a$11$Ik22j9DW7cWZIV3Tt/qrxedzoas7tzj.aRIUreb8WawmsdUkovq0y,152930937
800,11,Y5N=j>Naxr=MZ3*j,$2a$11$Ik22j9DW7cWZIV3Tt/qrxedzoas7tzj.aRIUreb8WawmsdUkovq0y,154023496
801,11,Y5N=j>Naxr=MZ3*j,$2a$11$Ik22j9DW7cWZIV3Tt/qrxedzoas7tzj.aRIUreb8WawmsdUkovq0y,153893635
802,11,Y5N=j>Naxr=MZ3*j,$2a$11$Ik22j9DW7cWZIV3Tt/qrxedzoas7tzj.aRIUreb8WawmsdUkovq0y,155664540
803,11,Y5N=j>Naxr=MZ3*j,$2a$11$Ik22j9DW7cWZIV3Tt/qrxedzoas7tzj.aRIUreb8WawmsdUkovq0y,154190652
804,11,Y5N=j>Naxr=MZ3*j,$2a$11$Ik22j9DW7cWZIV3Tt/qrxedzoas7tzj.aRIUreb8WawmsdUkovq0y,154515531
805,11,Y5N=j>Naxr=MZ3*j,$2a$11$Ik22j9DW7cWZIV3Tt/qrxedzoas7tzj.aRIUreb8WawmsdUkovq0y,151723077
806,11,Y5N=j>Naxr=MZ3*j,$2a$11$Ik22j9DW7cWZIV3Tt/qrxedzoas7tzj.aRIUreb8WawmsdUkovq0y,151587637
807,11,Y5N=j>Naxr=MZ3*j,$2a$11$Ik22j9DW7cWZIV3Tt/qrxedzoas7tzj.aRIUreb8WawmsdUkovq0y,150069219
808,11,Y5N=j>Naxr=MZ3*j,$2a$11$Ik22j9DW7cWZIV3Tt/qrxedzoas7tzj.aRIUreb8WawmsdUkovq0y,155350217
809,11,Y5N=j>Naxr=MZ3*j,$2a$11$Ik22j9DW7cWZIV3Tt/qrxedzoas7tzj.aRIUreb8WawmsdUkovq0y,156276774
810,11,Y5N=j>Naxr=MZ3*j,$2a$11$Ik22j9DW7cWZIV3Tt/qrxedzoas7tzj.aRIUreb8WawmsdUkovq0y,155638636
811,11,Y5N=j>Naxr=MZ3*j,$2a$11$Ik22j9DW7cWZIV3Tt/qrxedzoas7tzj.aRIUreb8WawmsdUkovq0y,150641810
812,11,Y5N=j>Naxr=MZ3*j,$2a$11$Ik22j9DW7cWZIV3Tt/qrxedzoas7tzj.aRIUreb8WawmsdUkovq0y,151644598
813,11,Y5N=j>Naxr=MZ3*j,$2a$11$Ik22j9DW7cWZIV3Tt/qrxedzoas7tzj.aRIUreb8WawmsdUkovq0y,153185559
814,11,Y5N=j>Naxr=MZ3*j,$2a$11$Ik22j9DW7cWZIV3Tt/qrxedzoas7tzj.aRIUreb8WawmsdUkovq0y,155577934
815,11,Y5N=j>Naxr=MZ3*j,$2a$11$Ik22j9DW7cWZIV3Tt/qrxedzoas7tzj.aRIUreb8WawmsdUkovq0y,153679123
816,11,Y5N=j>Naxr=MZ3*j,$2a$11$Ik22j9DW7cWZIV3Tt/qrxedzoas7tzj.aRIUreb8WawmsdUkovq0y,150198758
817,11,Y5N=j>Naxr=MZ3*j,$2a$11$Ik22j9DW7cWZIV3Tt/qrxedzoas7tzj.aRIUreb8WawmsdUkovq0y,152825793
818,11,Y5N=j>Naxr=MZ3*j,$2a$11$Ik22j9DW7cWZIV3Tt/qrxedzoas7tzj.aRIUreb8WawmsdUkovq0y,153251200
819,11,Y5N=j>Naxr=MZ3*j,$2a$11$Ik22j9DW7cWZIV3Tt/qrxedzoas7tzj.aRIUreb8WawmsdUkovq0y,157405010
820,11,Y5N=j>Naxr=MZ3*j,$2a$11$Ik22j9DW7cWZIV3Tt/qrxedzoas7tzj.aRIUreb8WawmsdUkovq0y,154758140
821,11,Y5N=j>Naxr=MZ3*j,$2a$11$Ik22j9DW7cWZIV3Tt/qrxedzoas7tzj.aRIUreb8WawmsdUkovq0y,161717504
822,11,Y5N=j>Naxr=MZ3*j,$2a$11$Ik22j9DW7cWZIV3Tt/qrxedzoas7tzj.aRIUreb8WawmsdUkovq0y,153469178
823,11,Y5N=j>Naxr=MZ3*j,$2a$11$Ik22j9DW7cWZIV3Tt/qrxedzoas7tzj.aRIUreb8WawmsdUkovq0y,151304253
824,11,Y5N=j>Naxr=MZ3*j,$2a$11$Ik22j9DW7cWZIV3Tt/qrxedzoas7tzj.aRIUreb8WawmsdUkovq0y,157461579
825,11,Y5N=j>Naxr=MZ3*j,$2a$11$Ik22j9DW7cWZIV3Tt/qrxedzoas7tzj.aRIUreb8WawmsdUkovq0y,165717840
826,11,Y5N=j>Naxr=MZ3*j,$2a$11$Ik22j9DW7cWZIV3Tt/qrxedzoas7tzj.aRIUreb8WawmsdUkovq0y,160944589
827,11,Y5N=j>Naxr=MZ3*j,$2a$11$Ik22j9DW7cWZIV3Tt/qrxedzoas7tzj.aRIUreb8WawmsdUkovq0y,159234730
828,11,Y5N=j>Naxr=MZ3*j,$2a$11$Ik22j9DW7cWZIV3Tt/qrxedzoas7tzj.aRIUreb8WawmsdUkovq0y,162828117
829,11,Y5N=j>Naxr=MZ3*j,$2a$11$Ik22j9DW7cWZIV3Tt/qrxedzoas7tzj.aRIUreb8WawmsdUkovq0y,158544208
830,11,Y5N=j>Naxr=MZ3*j,$2a$11$Ik22j9DW7cWZIV3Tt/qrxedzoas7tzj.aRIUreb8WawmsdUkovq0y,154256268
831,11,Y5N=j>Naxr=MZ3*j,$2a$11$Ik22j9DW7cWZIV3Tt/qrxedzoas7tzj.aRIUreb8WawmsdUkovq0y,153729284
832,11,Y5N=j>Naxr=MZ3*j,$2a$11$Ik22j9DW7cWZIV3Tt/qrxedzoas7tzj.aRIUreb8WawmsdUkovq0y,156060208
833,11,Y5N=j>Naxr=MZ3*j,$2a$11$Ik22j9DW7cWZIV3Tt/qrxedzoas7tzj.aRIUreb8WawmsdUkovq0y,154001676
834,11,Y5N=j>Naxr=MZ3*j,$2a$11$Ik22j9DW7cWZIV3Tt/qrxedzoas7tzj.aRIUreb8WawmsdUkovq0y,156398620
835,11,Y5N=j>Naxr=MZ3*j,$2a$11$Ik22j9DW7cWZIV3Tt/qrxedzoas7tzj.aRIUreb8WawmsdUkovq0y,161681197
836,11,Y5N=j>Naxr=MZ3*j,$2a$11$Ik22j9DW7cWZIV3Tt/qrxedzoas7tzj.aRIUreb8WawmsdUkovq0y,165017900
837,11,Y5N=j>Naxr=MZ3*j,$2a$11$Ik22j9DW7cWZIV3Tt/qrxedzoas7tzj.aRIUreb8WawmsdUkovq0y,163373707
838,11,Y5N=j>Naxr=MZ3*j,$2a$11$Ik22j9DW7cWZIV3Tt/qrxedzoas7tzj.aRIUreb8WawmsdUkovq0y,170973024
839,11,Y5N=j>Naxr=MZ3*j,$2a$11$Ik22j9DW7cWZIV3Tt/qrxedzoas7tzj.aRIUreb8WawmsdUkovq0y,156290450
840,11,Y5N=j>Naxr=MZ3*j,$2a$11$Ik22j9DW7cWZIV3Tt/qrxedzoas7tzj.aRIUreb8WawmsdUkovq0y,159049322
841,11,Y5N=j>Naxr=MZ3*j,$2a$11$Ik22j9DW7cWZIV3Tt/qrxedzoas7tzj.aRIUreb8WawmsdUkovq0y,156853757
842,11,Y5N=j>Naxr=MZ3*j,$2a$11$Ik22j9DW7cWZIV3Tt/qrxedzoas7tzj.aRIUreb8WawmsdUkovq0y,157574543
843,11,Y5N=j>Naxr=MZ3*j,$2a$11$Ik22j9DW7cWZIV3Tt/qrxedzoas7tzj.aRIUreb8WawmsdUkovq0y,154780408
844,11,Y5N=j>Naxr=MZ3*j,$2a$11$Ik22j9DW7cWZIV3Tt/qrxedzoas7tzj.aRIUreb8WawmsdUkovq0y,153622749
845,11,Y5N=j>Naxr=MZ3*j,$2a$11$Ik22j9DW7cWZIV3Tt/qrxedzoas7tzj.aRIUreb8WawmsdUkovq0y,156387893
846,11,Y5N=j>Naxr=MZ3*j,$2a$11$Ik22j9DW7cWZIV3Tt/qrxedzoas7tzj.aRIUreb8WawmsdUkovq0y,152312826
847,11,Y5N=j>Naxr=MZ3*j,$2a$11$Ik22j9DW7cWZIV3Tt/qrxedzoas7tzj.aRIUreb8WawmsdUkovq0y,149534194
848,11,Y5N=j>Naxr=MZ3*j,$2a$11$Ik22j9DW7cWZIV3Tt/qrxedzoas7tzj.aRIUreb8WawmsdUkovq0y,151983416
849,11,Y5N=j>Naxr=MZ3*j,$2a$11$Ik22j9DW7cWZIV3Tt/qrxedzoas7tzj.aRIUreb8WawmsdUkovq0y,154419518
850,11,Y5N=j>Naxr=MZ3*j,$2a$11$Ik22j9DW7cWZIV3Tt/qrxedzoas7tzj.aRIUreb8WawmsdUkovq0y,151359877
851,11,Y5N=j>Naxr=MZ3*j,$2a$11$Ik22j9DW7cWZIV3Tt/qrxedzoas7tzj.aRIUreb8WawmsdUkovq0y,152699894
852,11,Y5N=j>Naxr=MZ3*j,$2a$11$Ik22j9DW7cWZIV3Tt/qrxedzoas7tzj.aRIUreb8WawmsdUkovq0y,169938343
853,11,Y5N=j>Naxr=MZ3*j,$2a$11$Ik22j9DW7cWZIV3Tt/qrxedzoas7tzj.aRIUreb8WawmsdUkovq0y,160792434
854,11,Y5N=j>Naxr=MZ3*j,$2a$11$Ik22j9DW7cWZIV3Tt/qrxedzoas7tzj.aRIUreb8WawmsdUkovq0y,154874323
855,11,Y5N=j>Naxr=MZ3*j,$2a$11$Ik22j9DW7cWZIV3Tt/qrxedzoas7tzj.aRIUreb8WawmsdUkovq0y,161457696
856,11,Y5N=j>Naxr=MZ3*j,$2a$11$Ik22j9DW7cWZIV3Tt/qrxedzoas7tzj.aRIUreb8WawmsdUkovq0y,153262154
857,11,Y5N=j>Naxr=MZ3*j,$2a$11$Ik22j9DW7cWZIV3Tt/qrxedzoas7tzj.aRIUreb8WawmsdUkovq0y,152286740
858,11,Y5N=j>Naxr=MZ3*j,$2a$11$Ik22j9DW7cWZIV3Tt/qrxedzoas7tzj.aRIUreb8WawmsdUkovq0y,151864817
859,11,Y5N=j>Naxr=MZ3*j,$2a$11$Ik22j9DW7cWZIV3Tt/qrxedzoas7tzj.aRIUreb8WawmsdUkovq0y,152494061
860,11,Y5N=j>Naxr=MZ3*j,$2a$11$Ik22j9DW7cWZIV3Tt/qrxedzoas7tzj.aRIUreb8WawmsdUkovq0y,153446185
861,11,Y5N=j>Naxr=MZ3*j,$2a$11$Ik22j9DW7cWZIV3Tt/qrxedzoas7tzj.aRIUreb8WawmsdUkovq0y,153431131
862,11,Y5N=j>Naxr=MZ3*j,$2a$11$Ik22j9DW7cWZIV3Tt/qrxedzoas7tzj.aRIUreb8WawmsdUkovq0y,152820020
863,11,Y5N=j>Naxr=MZ3*j,$2a$11$Ik22j9DW7cWZIV3Tt/qrxedzoas7tzj.aRIUreb8WawmsdUkovq0y,151370771
864,11,Y5N=j>Naxr=MZ3*j,$2a$11$Ik22j9DW7cWZIV3Tt/qrxedzoas7tzj.aRIUreb8WawmsdUkovq0y,157147862
865,11,Y5N=j>Naxr=MZ3*j,$2a$11$Ik22j9DW7cWZIV3Tt/qrxedzoas7tzj.aRIUreb8WawmsdUkovq0y,157674214
866,11,Y5N=j>Naxr=MZ3*j,$2a$11$Ik22j9DW7cWZIV3Tt/qrxedzoas7tzj.aRIUreb8WawmsdUkovq0y,159784058
867,11,Y5N=j>Naxr=MZ3*j,$2a$11$Ik22j9DW7cWZIV3Tt/qrxedzoas7tzj.aRIUreb8WawmsdUkovq0y,172124001
868,11,Y5N=j>Naxr=MZ3*j,$2a$11$Ik22j9DW7cWZIV3Tt/qrxedzoas7tzj.aRIUreb8WawmsdUkovq0y,156422639
869,11,Y5N=j>Naxr=MZ3*j,$2a$11$Ik22j9DW7cWZIV3Tt/qrxedzoas7tzj.aRIUreb8WawmsdUkovq0y,154068039
870,11,Y5N=j>Naxr=MZ3*j,$2a$11$Ik22j9DW7cWZIV3Tt/qrxedzoas7tzj.aRIUreb8WawmsdUkovq0y,152531088
871,11,Y5N=j>Naxr=MZ3*j,$2a$11$Ik22j9DW7cWZIV3Tt/qrxedzoas7tzj.aRIUreb8WawmsdUkovq0y,155750135
872,11,Y5N=j>Naxr=MZ3*j,$2a$11$Ik22j9DW7cWZIV3Tt/qrxedzoas7tzj.aRIUreb8WawmsdUkovq0y,151733858
873,11,Y5N=j>Naxr=MZ3*j,$2a$11$Ik22j9DW7cWZIV3Tt/qrxedzoas7tzj.aRIUreb8WawmsdUkovq0y,155772803
874,11,Y5N=j>Naxr=MZ3*j,$2a$11$Ik22j9DW7cWZIV3Tt/qrxedzoas7tzj.aRIUreb8WawmsdUkovq0y,155939687
875,11,Y5N=j>Naxr=MZ3*j,$2a$11$Ik22j9DW7cWZIV3Tt/qrxedzoas7tzj.aRIUreb8WawmsdUkovq0y,151460977
876,11,Y5N=j>Naxr=MZ3*j,$2a$11$Ik22j9DW7cWZIV3Tt/qrxedzoas7tzj.aRIUreb8WawmsdUkovq0y,150717545
877,11,Y5N=j>Naxr=MZ3*j,$2a$11$Ik22j9DW7cWZIV3Tt/qrxedzoas7tzj.aRIUreb8WawmsdUkovq0y,153522680
878,11,Y5N=j>Naxr=MZ3*j,$2a$11$Ik22j9DW7cWZIV3Tt/qrxedzoas7tzj.aRIUreb8WawmsdUkovq0y,152224999
879,11,Y5N=j>Naxr=MZ3*j,$2a$11$Ik22j9DW7cWZIV3Tt/qrxedzoas7tzj.aRIUreb8WawmsdUkovq0y,153575708
880,11,Y5N=j>Naxr=MZ3*j,$2a$11$Ik22j9DW7cWZIV3Tt/qrxedzoas7tzj.aRIUreb8WawmsdUkovq0y,149742430
881,11,Y5N=j>Naxr=MZ3*j,$2a$11$Ik22j9DW7cWZIV3Tt/qrxedzoas7tzj.aRIUreb8WawmsdUkovq0y,153023147
882,11,Y5N=j>Naxr=MZ3*j,$2a$11$Ik22j9DW7cWZIV3Tt/qrxedzoas7tzj.aRIUreb8WawmsdUkovq0y,153760498
883,11,Y5N=j>Naxr=MZ3*j,$2a$11$Ik22j9DW7cWZIV3Tt/qrxedzoas7tzj.aRIUreb8WawmsdUkovq0y,151428739
884,11,Y5N=j>Naxr=MZ3*j,$2a$11$Ik22j9DW7cWZIV3Tt/qrxedzoas7tzj.aRIUreb8WawmsdUkovq0y,153875250
885,11,Y5N=j>Naxr=MZ3*j,$2a$11$Ik22j9DW7cWZIV3Tt/qrxedzoas7tzj.aRIUreb8WawmsdUkovq0y,156371252
886,11,Y5N=j>Naxr=MZ3*j,$2a$11$Ik22j9DW7cWZIV3Tt/qrxedzoas7tzj.aRIUreb8WawmsdUkovq0y,151830336
887,11,Y5N=j>Naxr=MZ3*j,$2a$11$Ik22j9DW7cWZIV3Tt/qrxedzoas7tzj.aRIUreb8WawmsdUkovq0y,154346164
888,11,Y5N=j>Naxr=MZ3*j,$2a$11$Ik22j9DW7cWZIV3Tt/qrxedzoas7tzj.aRIUreb8WawmsdUkovq0y,154259452
889,11,Y5N=j>Naxr=MZ3*j,$2a$11$Ik22j9DW7cWZIV3Tt/qrxedzoas7tzj.aRIUreb8WawmsdUkovq0y,157049214
890,11,Y5N=j>Naxr=MZ3*j,$2a$11$Ik22j9DW7cWZIV3Tt/qrxedzoas7tzj.aRIUreb8WawmsdUkovq0y,159318893
891,11,Y5N=j>Naxr=MZ3*j,$2a$11$Ik22j9DW7cWZIV3Tt/qrxedzoas7tzj.aRIUreb8WawmsdUkovq0y,159231187
892,11,Y5N=j>Naxr=MZ3*j,$2a$11$Ik22j9DW7cWZIV3Tt/qrxedzoas7tzj.aRIUreb8WawmsdUkovq0y,159289330
893,11,Y5N=j>Naxr=MZ3*j,$2a$11$Ik22j9DW7cWZIV3Tt/qrxedzoas7tzj.aRIUreb8WawmsdUkovq0y,154849866
894,11,Y5N=j>Naxr=MZ3*j,$2a$11$Ik22j9DW7cWZIV3Tt/qrxedzoas7tzj.aRIUreb8WawmsdUkovq0y,153531960
895,11,Y5N=j>Naxr=MZ3*j,$2a$11$Ik22j9DW7cWZIV3Tt/qrxedzoas7tzj.aRIUreb8WawmsdUkovq0y,153737180
896,11,Y5N=j>Naxr=MZ3*j,$2a$11$Ik22j9DW7cWZIV3Tt/qrxedzoas7tzj.aRIUreb8WawmsdUkovq0y,154115626
897,11,Y5N=j>Naxr=MZ3*j,$2a$11$Ik22j9DW7cWZIV3Tt/qrxedzoas7tzj.aRIUreb8WawmsdUkovq0y,152342940
898,11,Y5N=j>Naxr=MZ3*j,$2a$11$Ik22j9DW7cWZIV3Tt/qrxedzoas7tzj.aRIUreb8WawmsdUkovq0y,153200820
899,11,Y5N=j>Naxr=MZ3*j,$2a$11$Ik22j9DW7cWZIV3Tt/qrxedzoas7tzj.aRIUreb8WawmsdUkovq0y,152391732
900,11,Y5N=j>Naxr=MZ3*j,$2a$11$Ik22j9DW7cWZIV3Tt/qrxedzoas7tzj.aRIUreb8WawmsdUkovq0y,155781364
901,11,Y5N=j>Naxr=MZ3*j,$2a$11$Ik22j9DW7cWZIV3Tt/qrxedzoas7tzj.aRIUreb8WawmsdUkovq0y,155412177
902,11,Y5N=j>Naxr=MZ3*j,$2a$11$Ik22j9DW7cWZIV3Tt/qrxedzoas7tzj.aRIUreb8WawmsdUkovq0y,149977856
903,11,Y5N=j>Naxr=MZ3*j,$2a$11$Ik22j9DW7cWZIV3Tt/qrxedzoas7tzj.aRIUreb8WawmsdUkovq0y,152471045
904,11,Y5N=j>Naxr=MZ3*j,$2a$11$Ik22j9DW7cWZIV3Tt/qrxedzoas7tzj.aRIUreb8WawmsdUkovq0y,152866638
905,11,Y5N=j>Naxr=MZ3*j,$2a$11$Ik22j9DW7cWZIV3Tt/qrxedzoas7tzj.aRIUreb8WawmsdUkovq0y,155863134
906,11,Y5N=j>Naxr=MZ3*j,$2a$11$Ik22j9DW7cWZIV3Tt/qrxedzoas7tzj.aRIUreb8WawmsdUkovq0y,152821481
907,11,Y5N=j>Naxr=MZ3*j,$2a$11$Ik22j9DW7cWZIV3Tt/qrxedzoas7tzj.aRIUreb8WawmsdUkovq0y,151309066
908,11,Y5N=j>Naxr=MZ3*j,$2a$11$Ik22j9DW7cWZIV3Tt/qrxedzoas7tzj.aRIUreb8WawmsdUkovq0y,152909634
909,11,Y5N=j>Naxr=MZ3*j,$2a$11$Ik22j9DW7cWZIV3Tt/qrxedzoas7tzj.aRIUreb8WawmsdUkovq0y,152607796
910,11,Y5N=j>Naxr=MZ3*j,$2a$11$Ik22j9DW7cWZIV3Tt/qrxedzoas7tzj.aRIUreb8WawmsdUkovq0y,153833367
911,11,Y5N=j>Naxr=MZ3*j,$2a$11$Ik22j9DW7cWZIV3Tt/qrxedzoas7tzj.aRIUreb8WawmsdUkovq0y,152258904
912,11,Y5N=j>Naxr=MZ3*j,$2a$11$Ik22j9DW7cWZIV3Tt/qrxedzoas7tzj.aRIUreb8WawmsdUkovq0y,153917292
913,11,Y5N=j>Naxr=MZ3*j,$2a$11$Ik22j9DW7cWZIV3Tt/qrxedzoas7tzj.aRIUreb8WawmsdUkovq0y,158268353
914,11,Y5N=j>Naxr=MZ3*j,$2a$11$Ik22j9DW7cWZIV3Tt/qrxedzoas7tzj.aRIUreb8WawmsdUkovq0y,152268534
915,11,Y5N=j>Naxr=MZ3*j,$2a$11$Ik22j9DW7cWZIV3Tt/qrxedzoas7tzj.aRIUreb8WawmsdUkovq0y,162602941
916,11,Y5N=j>Naxr=MZ3*j,$2a$11$Ik22j9DW7cWZIV3Tt/qrxedzoas7tzj.aRIUreb8WawmsdUkovq0y,160509134
917,11,Y5N=j>Naxr=MZ3*j,$2a$11$Ik22j9DW7cWZIV3Tt/qrxedzoas7tzj.aRIUreb8WawmsdUkovq0y,155148406
918,11,Y5N=j>Naxr=MZ3*j,$2a$11$Ik22j9DW7cWZIV3Tt/qrxedzoas7tzj.aRIUreb8WawmsdUkovq0y,154675713
919,11,Y5N=j>Naxr=MZ3*j,$2a$11$Ik22j9DW7cWZIV3Tt/qrxedzoas7tzj.aRIUreb8WawmsdUkovq0y,152341008
920,11,Y5N=j>Naxr=MZ3*j,$2a$11$Ik22j9DW7cWZIV3Tt/qrxedzoas7tzj.aRIUreb8WawmsdUkovq0y,150036861
921,11,Y5N=j>Naxr=MZ3*j,$2a$11$Ik22j9DW7cWZIV3Tt/qrxedzoas7tzj.aRIUreb8WawmsdUkovq0y,152043205
922,11,Y5N=j>Naxr=MZ3*j,$2a$11$Ik22j9DW7cWZIV3Tt/qrxedzoas7tzj.aRIUreb8WawmsdUkovq0y,153094311
923,11,Y5N=j>Naxr=MZ3*j,$2a$11$Ik22j9DW7cWZIV3Tt/qrxedzoas7tzj.aRIUreb8WawmsdUkovq0y,149703677
924,11,Y5N=j>Naxr=MZ3*j,$2a$11$Ik22j9DW7cWZIV3Tt/qrxedzoas7tzj.aRIUreb8WawmsdUkovq0y,155894919
925,11,Y5N=j>Naxr=MZ3*j,$2a$11$Ik22j9DW7cWZIV3Tt/qrxedzoas7tzj.aRIUreb8WawmsdUkovq0y,160514115
926,11,Y5N=j>Naxr=MZ3*j,$2a$11$Ik22j9DW7cWZIV3Tt/qrxedzoas7tzj.aRIUreb8WawmsdUkovq0y,155245214
927,11,Y5N=j>Naxr=MZ3*j,$2a$11$Ik22j9DW7cWZIV3Tt/qrxedzoas7tzj.aRIUreb8WawmsdUkovq0y,151121578
928,11,Y5N=j>Naxr=MZ3*j,$2a$11$Ik22j9DW7cWZIV3Tt/qrxedzoas7tzj.aRIUreb8WawmsdUkovq0y,153950411
929,11,Y5N=j>Naxr=MZ3*j,$2a$11$Ik22j9DW7cWZIV3Tt/qrxedzoas7tzj.aRIUreb8WawmsdUkovq0y,155325109
930,11,Y5N=j>Naxr=MZ3*j,$2a$11$Ik22j9DW7cWZIV3Tt/qrxedzoas7tzj.aRIUreb8WawmsdUkovq0y,155328201
931,11,Y5N=j>Naxr=MZ3*j,$2a$11$Ik22j9DW7cWZIV3Tt/qrxedzoas7tzj.aRIUreb8WawmsdUkovq0y,154117722
932,11,Y5N=j>Naxr=MZ3*j,$2a$11$Ik22j9DW7cWZIV3Tt/qrxedzoas7tzj.aRIUreb8WawmsdUkovq0y,152579610
933,11,Y5N=j>Naxr=MZ3*j,$2a$11$Ik22j9DW7cWZIV3Tt/qrxedzoas7tzj.aRIUreb8WawmsdUkovq0y,156304236
934,11,Y5N=j>Naxr=MZ3*j,$2a$11$Ik22j9DW7cWZIV3Tt/qrxedzoas7tzj.aRIUreb8WawmsdUkovq0y,151540820
935,11,Y5N=j>Naxr=MZ3*j,$2a$11$Ik22j9DW7cWZIV3Tt/qrxedzoas7tzj.aRIUreb8WawmsdUkovq0y,152618958
936,11,Y5N=j>Naxr=MZ3*j,$2a$11$Ik22j9DW7cWZIV3Tt/qrxedzoas7tzj.aRIUreb8WawmsdUkovq0y,151399586
937,11,Y5N=j>Naxr=MZ3*j,$2a$11$Ik22j9DW7cWZIV3Tt/qrxedzoas7tzj.aRIUreb8WawmsdUkovq0y,151483240
938,11,Y5N=j>Naxr=MZ3*j,$2a$11$Ik22j9DW7cWZIV3Tt/qrxedzoas7tzj.aRIUreb8WawmsdUkovq0y,151480049
939,11,Y5N=j>Naxr=MZ3*j,$2a$11$Ik22j9DW7cWZIV3Tt/qrxedzoas7tzj.aRIUreb8WawmsdUkovq0y,155635925
940,11,Y5N=j>Naxr=MZ3*j,$2a$11$Ik22j9DW7cWZIV3Tt/qrxedzoas7tzj.aRIUreb8WawmsdUkovq0y,152759185
941,11,Y5N=j>Naxr=MZ3*j,$2a$11$Ik22j9DW7cWZIV3Tt/qrxedzoas7tzj.aRIUreb8WawmsdUkovq0y,152331168
942,11,Y5N=j>Naxr=MZ3*j,$2a$11$Ik22j9DW7cWZIV3Tt/qrxedzoas7tzj.aRIUreb8WawmsdUkovq0y,151902637
943,11,Y5N=j>Naxr=MZ3*j,$2a$11$Ik22j9DW7cWZIV3Tt/qrxedzoas7tzj.aRIUreb8WawmsdUkovq0y,154511937
944,11,Y5N=j>Naxr=MZ3*j,$2a$11$Ik22j9DW7cWZIV3Tt/qrxedzoas7tzj.aRIUreb8WawmsdUkovq0y,154836811
945,11,Y5N=j>Naxr=MZ3*j,$2a$11$Ik22j9DW7cWZIV3Tt/qrxedzoas7tzj.aRIUreb8WawmsdUkovq0y,152903553
946,11,Y5N=j>Naxr=MZ3*j,$2a$11$Ik22j9DW7cWZIV3Tt/qrxedzoas7tzj.aRIUreb8WawmsdUkovq0y,151306530
947,11,Y5N=j>Naxr=MZ3*j,$2a$11$Ik22j9DW7cWZIV3Tt/qrxedzoas7tzj.aRIUreb8WawmsdUkovq0y,151287494
948,11,Y5N=j>Naxr=MZ3*j,$2a$11$Ik22j9DW7cWZIV3Tt/qrxedzoas7tzj.aRIUreb8WawmsdUkovq0y,152711200
949,11,Y5N=j>Naxr=MZ3*j,$2a$11$Ik22j9DW7cWZIV3Tt/qrxedzoas7tzj.aRIUreb8WawmsdUkovq0y,152280822
950,11,Y5N=j>Naxr=MZ3*j,$2a$11$Ik22j9DW7cWZIV3Tt/qrxedzoas7tzj.aRIUreb8WawmsdUkovq0y,152430459
951,11,Y5N=j>Naxr=MZ3*j,$2a$11$Ik22j9DW7cWZIV3Tt/qrxedzoas7tzj.aRIUreb8WawmsdUkovq0y,151843170
952,11,Y5N=j>Naxr=MZ3*j,$2a$11$Ik22j9DW7cWZIV3Tt/qrxedzoas7tzj.aRIUreb8WawmsdUkovq0y,154559413
953,11,Y5N=j>Naxr=MZ3*j,$2a$11$Ik22j9DW7cWZIV3Tt/qrxedzoas7tzj.aRIUreb8WawmsdUkovq0y,155002131
954,11,Y5N=j>Naxr=MZ3*j,$2a$11$Ik22j9DW7cWZIV3Tt/qrxedzoas7tzj.aRIUreb8WawmsdUkovq0y,170432028
955,11,Y5N=j>Naxr=MZ3*j,$2a$11$Ik22j9DW7cWZIV3Tt/qrxedzoas7tzj.aRIUreb8WawmsdUkovq0y,154824072
956,11,Y5N=j>Naxr=MZ3*j,$2a$11$Ik22j9DW7cWZIV3Tt/qrxedzoas7tzj.aRIUreb8WawmsdUkovq0y,154731644
957,11,Y5N=j>Naxr=MZ3*j,$2a$11$Ik22j9DW7cWZIV3Tt/qrxedzoas7tzj.aRIUreb8WawmsdUkovq0y,154573320
958,11,Y5N=j>Naxr=MZ3*j,$2a$11$Ik22j9DW7cWZIV3Tt/qrxedzoas7tzj.aRIUreb8WawmsdUkovq0y,154734989
959,11,Y5N=j>Naxr=MZ3*j,$2a$11$Ik22j9DW7cWZIV3Tt/qrxedzoas7tzj.aRIUreb8WawmsdUkovq0y,153003774
960,11,Y5N=j>Naxr=MZ3*j,$2a$11$Ik22j9DW7cWZIV3Tt/qrxedzoas7tzj.aRIUreb8WawmsdUkovq0y,157035341
961,11,Y5N=j>Naxr=MZ3*j,$2a$11$Ik22j9DW7cWZIV3Tt/qrxedzoas7tzj.aRIUreb8WawmsdUkovq0y,154016511
962,11,Y5N=j>Naxr=MZ3*j,$2a$11$Ik22j9DW7cWZIV3Tt/qrxedzoas7tzj.aRIUreb8WawmsdUkovq0y,155746793
963,11,Y5N=j>Naxr=MZ3*j,$2a$11$Ik22j9DW7cWZIV3Tt/qrxedzoas7tzj.aRIUreb8WawmsdUkovq0y,154558693
964,11,Y5N=j>Naxr=MZ3*j,$2a$11$Ik22j9DW7cWZIV3Tt/qrxedzoas7tzj.aRIUreb8WawmsdUkovq0y,149660069
965,11,Y5N=j>Naxr=MZ3*j,$2a$11$Ik22j9DW7cWZIV3Tt/qrxedzoas7tzj.aRIUreb8WawmsdUkovq0y,158238865
966,11,Y5N=j>Naxr=MZ3*j,$2a$11$Ik22j9DW7cWZIV3Tt/qrxedzoas7tzj.aRIUreb8WawmsdUkovq0y,153743572
967,11,Y5N=j>Naxr=MZ3*j,$2a$11$Ik22j9DW7cWZIV3Tt/qrxedzoas7tzj.aRIUreb8WawmsdUkovq0y,153364080
968,11,Y5N=j>Naxr=MZ3*j,$2a$11$Ik22j9DW7cWZIV3Tt/qrxedzoas7tzj.aRIUreb8WawmsdUkovq0y,156423170
969,11,Y5N=j>Naxr=MZ3*j,$2a$11$Ik22j9DW7cWZIV3Tt/qrxedzoas7tzj.aRIUreb8WawmsdUkovq0y,153554266
970,11,Y5N=j>Naxr=MZ3*j,$2a$11$Ik22j9DW7cWZIV3Tt/qrxedzoas7tzj.aRIUreb8WawmsdUkovq0y,155590732
971,11,Y5N=j>Naxr=MZ3*j,$2a$11$Ik22j9DW7cWZIV3Tt/qrxedzoas7tzj.aRIUreb8WawmsdUkovq0y,157220144
972,11,Y5N=j>Naxr=MZ3*j,$2a$11$Ik22j9DW7cWZIV3Tt/qrxedzoas7tzj.aRIUreb8WawmsdUkovq0y,155822543
973,11,Y5N=j>Naxr=MZ3*j,$2a$11$Ik22j9DW7cWZIV3Tt/qrxedzoas7tzj.aRIUreb8WawmsdUkovq0y,156089647
974,11,Y5N=j>Naxr=MZ3*j,$2a$11$Ik22j9DW7cWZIV3Tt/qrxedzoas7tzj.aRIUreb8WawmsdUkovq0y,155601779
975,11,Y5N=j>Naxr=MZ3*j,$2a$11$Ik22j9DW7cWZIV3Tt/qrxedzoas7tzj.aRIUreb8WawmsdUkovq0y,156582342
976,11,Y5N=j>Naxr=MZ3*j,$2a$11$Ik22j9DW7cWZIV3Tt/qrxedzoas7tzj.aRIUreb8WawmsdUkovq0y,153880773
977,11,Y5N=j>Naxr=MZ3*j,$2a$11$Ik22j9DW7cWZIV3Tt/qrxedzoas7tzj.aRIUreb8WawmsdUkovq0y,154396463
978,11,Y5N=j>Naxr=MZ3*j,$2a$11$Ik22j9DW7cWZIV3Tt/qrxedzoas7tzj.aRIUreb8WawmsdUkovq0y,157458374
979,11,Y5N=j>Naxr=MZ3*j,$2a$11$Ik22j9DW7cWZIV3Tt/qrxedzoas7tzj.aRIUreb8WawmsdUkovq0y,150645431
980,11,Y5N=j>Naxr=MZ3*j,$2a$11$Ik22j9DW7cWZIV3Tt/qrxedzoas7tzj.aRIUreb8WawmsdUkovq0y,163628254
981,11,Y5N=j>Naxr=MZ3*j,$2a$11$Ik22j9DW7cWZIV3Tt/qrxedzoas7tzj.aRIUreb8WawmsdUkovq0y,154821206
982,11,Y5N=j>Naxr=MZ3*j,$2a$11$Ik22j9DW7cWZIV3Tt/qrxedzoas7tzj.aRIUreb8WawmsdUkovq0y,165037731
983,11,Y5N=j>Naxr=MZ3*j,$2a$11$Ik22j9DW7cWZIV3Tt/qrxedzoas7tzj.aRIUreb8WawmsdUkovq0y,162488549
984,11,Y5N=j>Naxr=MZ3*j,$2a$11$Ik22j9DW7cWZIV3Tt/qrxedzoas7tzj.aRIUreb8WawmsdUkovq0y,169484582
985,11,Y5N=j>Naxr=MZ3*j,$2a$11$Ik22j9DW7cWZIV3Tt/qrxedzoas7tzj.aRIUreb8WawmsdUkovq0y,156788248
986,11,Y5N=j>Naxr=MZ3*j,$2a$11$Ik22j9DW7cWZIV3Tt/qrxedzoas7tzj.aRIUreb8WawmsdUkovq0y,158880403
987,11,Y5N=j>Naxr=MZ3*j,$2a$11$Ik22j9DW7cWZIV3Tt/qrxedzoas7tzj.aRIUreb8WawmsdUkovq0y,155860414
988,11,Y5N=j>Naxr=MZ3*j,$2a$11$Ik22j9DW7cWZIV3Tt/qrxedzoas7tzj.aRIUreb8WawmsdUkovq0y,158871857
989,11,Y5N=j>Naxr=MZ3*j,$2a$11$Ik22j9DW7cWZIV3Tt/qrxedzoas7tzj.aRIUreb8WawmsdUkovq0y,159140605
990,11,Y5N=j>Naxr=MZ3*j,$2a$11$Ik22j9DW7cWZIV3Tt/qrxedzoas7tzj.aRIUreb8WawmsdUkovq0y,154519452
991,11,Y5N=j>Naxr=MZ3*j,$2a$11$Ik22j9DW7cWZIV3Tt/qrxedzoas7tzj.aRIUreb8WawmsdUkovq0y,156420351
992,11,Y5N=j>Naxr=MZ3*j,$2a$11$Ik22j9DW7cWZIV3Tt/qrxedzoas7tzj.aRIUreb8WawmsdUkovq0y,154993852
993,11,Y5N=j>Naxr=MZ3*j,$2a$11$Ik22j9DW7cWZIV3Tt/qrxedzoas7tzj.aRIUreb8WawmsdUkovq0y,155618971
994,11,Y5N=j>Naxr=MZ3*j,$2a$11$Ik22j9DW7cWZIV3Tt/qrxedzoas7tzj.aRIUreb8WawmsdUkovq0y,157263545
995,11,Y5N=j>Naxr=MZ3*j,$2a$11$Ik22j9DW7cWZIV3Tt/qrxedzoas7tzj.aRIUreb8WawmsdUkovq0y,157742539
996,11,Y5N=j>Naxr=MZ3*j,$2a$11$Ik22j9DW7cWZIV3Tt/qrxedzoas7tzj.aRIUreb8WawmsdUkovq0y,182674777
997,11,Y5N=j>Naxr=MZ3*j,$2a$11$Ik22j9DW7cWZIV3Tt/qrxedzoas7tzj.aRIUreb8WawmsdUkovq0y,150259969
998,11,Y5N=j>Naxr=MZ3*j,$2a$11$Ik22j9DW7cWZIV3Tt/qrxedzoas7tzj.aRIUreb8WawmsdUkovq0y,151733767
999,11,Y5N=j>Naxr=MZ3*j,$2a$11$Ik22j9DW7cWZIV3Tt/qrxedzoas7tzj.aRIUreb8WawmsdUkovq0y,151401762
1000,11,Y5N=j>Naxr=MZ3*j,$2a$11$Ik22j9DW7cWZIV3Tt/qrxedzoas7tzj.aRIUreb8WawmsdUkovq0y,151279762
